/* 인증_서비스_상품 */
INSERT INTO plt_cert_srvc_gds (srvc_gds_id, srvc_gds_nm) VALUES(1, 'Orange RED');
INSERT INTO plt_cert_srvc_gds (srvc_gds_id, srvc_gds_nm) VALUES(2, 'Orange GREEN');
INSERT INTO plt_cert_srvc_gds (srvc_gds_id, srvc_gds_nm) VALUES(3, 'Orange BLUE');
INSERT INTO plt_cert_srvc_gds (srvc_gds_id, srvc_gds_nm) VALUES(99, 'Orange SURVEY');


/* 인증_서비스_상품_상세 */
INSERT INTO plt_cert_srvc_gds_dtl (srvc_gds_dtl_cd, ntsl_yn, del_yn, sort_ord, rgtr_id, reg_dt, mdfr_id, mdfcn_dt, srvc_gds_id, srvc_gds_dtl_id) VALUES('CALL', 'Y', 'N', 1, 2, '20230428000000', 2, '20230428000000', 1, 1);
INSERT INTO plt_cert_srvc_gds_dtl (srvc_gds_dtl_cd, ntsl_yn, del_yn, sort_ord, rgtr_id, reg_dt, mdfr_id, mdfcn_dt, srvc_gds_id, srvc_gds_dtl_id) VALUES('SMS', 'Y', 'N', 2, 2, '20230428000000', 2, '20230428000000', 1, 2);
INSERT INTO plt_cert_srvc_gds_dtl (srvc_gds_dtl_cd, ntsl_yn, del_yn, sort_ord, rgtr_id, reg_dt, mdfr_id, mdfcn_dt, srvc_gds_id, srvc_gds_dtl_id) VALUES('CALL', 'Y', 'N', 1, 2, '20230428000000', 2, '20230428000000', 2, 3);
INSERT INTO plt_cert_srvc_gds_dtl (srvc_gds_dtl_cd, ntsl_yn, del_yn, sort_ord, rgtr_id, reg_dt, mdfr_id, mdfcn_dt, srvc_gds_id, srvc_gds_dtl_id) VALUES('SNS', 'Y', 'N', 2, 2, '20230428000000', 2, '20230428000000', 2, 4);
INSERT INTO plt_cert_srvc_gds_dtl (srvc_gds_dtl_cd, ntsl_yn, del_yn, sort_ord, rgtr_id, reg_dt, mdfr_id, mdfcn_dt, srvc_gds_id, srvc_gds_dtl_id) VALUES('SMS', 'Y', 'N', 3, 2, '20230428000000', 2, '20230428000000', 2, 5);
INSERT INTO plt_cert_srvc_gds_dtl (srvc_gds_dtl_cd, ntsl_yn, del_yn, sort_ord, rgtr_id, reg_dt, mdfr_id, mdfcn_dt, srvc_gds_id, srvc_gds_dtl_id) VALUES('CALL', 'Y', 'N', 1, 2, '20230428000000', 2, '20230428000000', 3, 6);
INSERT INTO plt_cert_srvc_gds_dtl (srvc_gds_dtl_cd, ntsl_yn, del_yn, sort_ord, rgtr_id, reg_dt, mdfr_id, mdfcn_dt, srvc_gds_id, srvc_gds_dtl_id) VALUES('SNS', 'Y', 'N', 2, 2, '20230428000000', 2, '20230428000000', 3, 7);
INSERT INTO plt_cert_srvc_gds_dtl (srvc_gds_dtl_cd, ntsl_yn, del_yn, sort_ord, rgtr_id, reg_dt, mdfr_id, mdfcn_dt, srvc_gds_id, srvc_gds_dtl_id) VALUES('SMS', 'Y', 'N', 3, 2, '20230428000000', 2, '20230428000000', 3, 8);
INSERT INTO plt_cert_srvc_gds_dtl (srvc_gds_dtl_cd, ntsl_yn, del_yn, sort_ord, rgtr_id, reg_dt, mdfr_id, mdfcn_dt, srvc_gds_id, srvc_gds_dtl_id) VALUES('ALTALK', 'Y', 'N', 4, 2, '20230428000000', 2, '20230428000000', 3, 9);
INSERT INTO plt_cert_srvc_gds_dtl (srvc_gds_dtl_cd, ntsl_yn, del_yn, sort_ord, rgtr_id, reg_dt, mdfr_id, mdfcn_dt, srvc_gds_id, srvc_gds_dtl_id) VALUES('SMS', 'Y', 'N', 1, 2, '20230428000000', 2, '20230428000000', 99, 10);
INSERT INTO plt_cert_srvc_gds_dtl (srvc_gds_dtl_cd, ntsl_yn, del_yn, sort_ord, rgtr_id, reg_dt, mdfr_id, mdfcn_dt, srvc_gds_id, srvc_gds_dtl_id) VALUES('OMNIONE', 'Y', 'N', 3, 2, '20230428000000', 2, '20230428000000', 1, 11);
INSERT INTO plt_cert_srvc_gds_dtl (srvc_gds_dtl_cd, ntsl_yn, del_yn, sort_ord, rgtr_id, reg_dt, mdfr_id, mdfcn_dt, srvc_gds_id, srvc_gds_dtl_id) VALUES('OMNIONE', 'Y', 'N', 4, 2, '20230428000000', 2, '20230428000000', 2, 12);
INSERT INTO plt_cert_srvc_gds_dtl (srvc_gds_dtl_cd, ntsl_yn, del_yn, sort_ord, rgtr_id, reg_dt, mdfr_id, mdfcn_dt, srvc_gds_id, srvc_gds_dtl_id) VALUES('OMNIONE', 'Y', 'N', 5, 2, '20230428000000', 2, '20230428000000', 3, 13);
INSERT INTO plt_cert_srvc_gds_dtl (srvc_gds_dtl_cd, ntsl_yn, del_yn, sort_ord, rgtr_id, reg_dt, mdfr_id, mdfcn_dt, srvc_gds_id, srvc_gds_dtl_id) VALUES('VIDEO', 'Y', 'N', 6, 2, '20230428000000', 2, '20230428000000', 3, 14);
INSERT INTO plt_cert_srvc_gds_dtl (srvc_gds_dtl_cd, ntsl_yn, del_yn, sort_ord, rgtr_id, reg_dt, mdfr_id, mdfcn_dt, srvc_gds_id, srvc_gds_dtl_id) VALUES('RSVT', 'Y', 'N', 6, 2, '20230428000000', 2, '20230428000000', 3, 15);
INSERT INTO plt_cert_srvc_gds_dtl (srvc_gds_dtl_cd, ntsl_yn, del_yn, sort_ord, rgtr_id, reg_dt, mdfr_id, mdfcn_dt, srvc_gds_id, srvc_gds_dtl_id) VALUES('AS_ALTMNT', 'Y', 'N', 6, 2, '20230428000000', 2, '20230428000000', 3, 16);


/* 메뉴 - admin */
INSERT INTO plt_menu (menu_id, up_menu_id, lnkg_menu_id, menu_se_cd_lvl, menu_nm, menu_expln, popup_file_nm, prgrm_param, view_trgt, path_nm, popup_wd_sz, popup_ht_sz, icon_class_nm, act_nm, inq_authrt, prcs_authrt, del_authrt, otpt_authrt, excl_authrt, add_authrt, use_yn, del_yn, sort_ord, rgtr_id, reg_dt, mdfr_id, mdfcn_dt) VALUES(1, NULL, NULL, 1, '기업고객관리', '기업고객관리', NULL, NULL, 'MAIN', '/CUSTCO_M0100', NULL, NULL, NULL, NULL, NULL, NULL, NULL, NULL, NULL, NULL, 'Y', 'N', 1, 1, '20230725100000', 1, '20230725100000');
INSERT INTO plt_menu (menu_id, up_menu_id, lnkg_menu_id, menu_se_cd_lvl, menu_nm, menu_expln, popup_file_nm, prgrm_param, view_trgt, path_nm, popup_wd_sz, popup_ht_sz, icon_class_nm, act_nm, inq_authrt, prcs_authrt, del_authrt, otpt_authrt, excl_authrt, add_authrt, use_yn, del_yn, sort_ord, rgtr_id, reg_dt, mdfr_id, mdfcn_dt) VALUES(2, NULL, NULL, 2, '서비스신청현황', '서비스신청현황', NULL, NULL, 'MAIN', '/CUSTCO_M0200', 0, 0, NULL, NULL, NULL, NULL, NULL, NULL, NULL, NULL, 'Y', 'N', 2, 1, '20230725100000', 1, '20230725100000');
INSERT INTO plt_menu (menu_id, up_menu_id, lnkg_menu_id, menu_se_cd_lvl, menu_nm, menu_expln, popup_file_nm, prgrm_param, view_trgt, path_nm, popup_wd_sz, popup_ht_sz, icon_class_nm, act_nm, inq_authrt, prcs_authrt, del_authrt, otpt_authrt, excl_authrt, add_authrt, use_yn, del_yn, sort_ord, rgtr_id, reg_dt, mdfr_id, mdfcn_dt) VALUES(3, NULL, NULL, 2, '정산관리', '정산관리', NULL, NULL, 'MAIN', '/CUSTCO_M0300', 0, 0, NULL, NULL, NULL, NULL, NULL, NULL, NULL, NULL, 'Y', 'N', 3, 1, '20230725100000', 1, '20230725100000');
INSERT INTO plt_menu (menu_id, up_menu_id, lnkg_menu_id, menu_se_cd_lvl, menu_nm, menu_expln, popup_file_nm, prgrm_param, view_trgt, path_nm, popup_wd_sz, popup_ht_sz, icon_class_nm, act_nm, inq_authrt, prcs_authrt, del_authrt, otpt_authrt, excl_authrt, add_authrt, use_yn, del_yn, sort_ord, rgtr_id, reg_dt, mdfr_id, mdfcn_dt) VALUES(4, NULL, NULL, 2, '현황통계', '현황통계', NULL, NULL, 'MAIN', '/CUSTCO_M0400', 0, 0, NULL, NULL, NULL, NULL, NULL, NULL, NULL, NULL, 'Y', 'N', 4, 1, '20230725100000', 1, '20230725100000');
INSERT INTO plt_menu (menu_id, up_menu_id, lnkg_menu_id, menu_se_cd_lvl, menu_nm, menu_expln, popup_file_nm, prgrm_param, view_trgt, path_nm, popup_wd_sz, popup_ht_sz, icon_class_nm, act_nm, inq_authrt, prcs_authrt, del_authrt, otpt_authrt, excl_authrt, add_authrt, use_yn, del_yn, sort_ord, rgtr_id, reg_dt, mdfr_id, mdfcn_dt) VALUES(5, NULL, NULL, 3, '시스템관리', '시스템관리', NULL, NULL, 'MAIN', '/CUSTCO_M0500', 0, 0, NULL, NULL, NULL, NULL, NULL, NULL, NULL, NULL, 'Y', 'N', 5, 1, '20230725100000', 1, '20230725100000');
INSERT INTO plt_tbl_seq (col_id, seq_vl) VALUES('MENU_ID', (SELECT MAX(MENU_ID)+1 FROM plt_menu));


/* 고객사 - admin 계정 관련 */
INSERT INTO plt_custco (custco_id, asp_cust_key, co_nm, srvc_maint_yn, rmrk, rgtr_id, reg_dt, mdfr_id, mdfcn_dt, api_uri) VALUES(1, 'pallet3', '한국클라우드', 'Y', '비고', '2', '202304270000', '2', '202304270000', '');


/* 권한 - admin 계정 관련 */
INSERT INTO plt_authrt (authrt_group_id, authrt_group_nm, group_expln, mngr_pm_cd, etc_info_01, etc_info_02, etc_info_03, sort_ord, user_se_cd, rgtr_id, reg_dt, mdfr_id, mdfcn_dt) VALUES(1, '시스템관리자', '시스템 전체 권한', 'ALOW', NULL, NULL, NULL, NULL, 'MANAGER', 1, '20230725100000', 1, '20230725100000');
INSERT INTO plt_tbl_seq (col_id, seq_vl) VALUES('AUTHRT_GROUP_ID', (SELECT MAX(authrt_group_id)+1 FROM plt_authrt));


/* 권한_그룹_프로그램 - admin 계정 관련 */
INSERT INTO plt_authrt_group_prgrm (authrt_group_id, menu_id, inq_authrt, prcs_authrt, del_authrt, otpt_authrt, excl_authrt, add_authrt, rgtr_id, reg_dt, mdfr_id, mdfcn_dt) VALUES(1, 1, NULL, NULL, NULL, NULL, NULL, NULL, 1, '20230725100000', 1, '20230725100000');
INSERT INTO plt_authrt_group_prgrm (authrt_group_id, menu_id, inq_authrt, prcs_authrt, del_authrt, otpt_authrt, excl_authrt, add_authrt, rgtr_id, reg_dt, mdfr_id, mdfcn_dt) VALUES(1, 2, NULL, NULL, NULL, NULL, NULL, NULL, 1, '20230725100000', 1, '20230725100000');
INSERT INTO plt_authrt_group_prgrm (authrt_group_id, menu_id, inq_authrt, prcs_authrt, del_authrt, otpt_authrt, excl_authrt, add_authrt, rgtr_id, reg_dt, mdfr_id, mdfcn_dt) VALUES(1, 3, NULL, NULL, NULL, NULL, NULL, NULL, 1, '20230725100000', 1, '20230725100000');
INSERT INTO plt_authrt_group_prgrm (authrt_group_id, menu_id, inq_authrt, prcs_authrt, del_authrt, otpt_authrt, excl_authrt, add_authrt, rgtr_id, reg_dt, mdfr_id, mdfcn_dt) VALUES(1, 4, NULL, NULL, NULL, NULL, NULL, NULL, 1, '20230725100000', 1, '20230725100000');
INSERT INTO plt_authrt_group_prgrm (authrt_group_id, menu_id, inq_authrt, prcs_authrt, del_authrt, otpt_authrt, excl_authrt, add_authrt, rgtr_id, reg_dt, mdfr_id, mdfcn_dt) VALUES(1, 5, NULL, NULL, NULL, NULL, NULL, NULL, 1, '20230725100000', 1, '20230725100000');


/* 버튼 - admin */
INSERT INTO plt_btn (btn_id, menu_id, scrn_btn_id, scrn_btn_nm, btn_type, rgtr_id, reg_dt, mdfr_id, mdfcn_dt) VALUES(1, 1, 'btnSearch', '조회버튼', 'btnSearch', 1, '20230725100000', 1, '20230725100000');
INSERT INTO plt_btn (btn_id, menu_id, scrn_btn_id, scrn_btn_nm, btn_type, rgtr_id, reg_dt, mdfr_id, mdfcn_dt) VALUES(2, 1, 'btnNew', '신규버튼', 'btnSave', 1, '20230725100000', 1, '20230725100000');
INSERT INTO plt_btn (btn_id, menu_id, scrn_btn_id, scrn_btn_nm, btn_type, rgtr_id, reg_dt, mdfr_id, mdfcn_dt) VALUES(3, 2, 'btnSearch', '조회버튼', 'btnSearch', 1, '20230725100000', 1, '20230725100000');
INSERT INTO plt_btn (btn_id, menu_id, scrn_btn_id, scrn_btn_nm, btn_type, rgtr_id, reg_dt, mdfr_id, mdfcn_dt) VALUES(4, 2, 'btnNew', '신규버튼', 'btnSave', 1, '20230725100000', 1, '20230725100000');
INSERT INTO plt_tbl_seq (col_id, seq_vl) VALUES('BTN_ID', (SELECT MAX(BTN_ID)+1 FROM plt_btn));


/* 버튼_권한 - admin */
INSERT INTO plt_btn_authrt (authrt_group_id, menu_id, btn_id, rgtr_id, reg_dt) VALUES(1, 1, 1, 1, '20230725100000');
INSERT INTO plt_btn_authrt (authrt_group_id, menu_id, btn_id, rgtr_id, reg_dt) VALUES(1, 1, 2, 1, '20230725100000');
INSERT INTO plt_btn_authrt (authrt_group_id, menu_id, btn_id, rgtr_id, reg_dt) VALUES(1, 2, 3, 1, '20230725100000');
INSERT INTO plt_btn_authrt (authrt_group_id, menu_id, btn_id, rgtr_id, reg_dt) VALUES(1, 2, 4, 1, '20230725100000');





/* 공통_코드 - admin */
INSERT INTO plt_comm_cd (group_cd_id, cd_id, custco_id, cd_nm, cd_expln, cd_vl, sys_cd_yn, use_yn, del_yn, sort_ord, rgtr_id, reg_dt, mdfr_id, mdfcn_dt) VALUES('*', 'PCS_CUST_CL', 1, '고객 구분', '고객 구분', NULL, 'Y', 'Y', 'N', 1, '2', '20230428000000', '2', '20230428000000');
INSERT INTO plt_comm_cd (group_cd_id, cd_id, custco_id, cd_nm, cd_expln, cd_vl, sys_cd_yn, use_yn, del_yn, sort_ord, rgtr_id, reg_dt, mdfr_id, mdfcn_dt) VALUES('*', 'PCS_REQ', 1, '신청 경로', '신청 경로', NULL, 'Y', 'Y', 'N', 2, '2', '20230428000000', '2', '20230428000000');
INSERT INTO plt_comm_cd (group_cd_id, cd_id, custco_id, cd_nm, cd_expln, cd_vl, sys_cd_yn, use_yn, del_yn, sort_ord, rgtr_id, reg_dt, mdfr_id, mdfcn_dt) VALUES('*', 'PCS_CUST_REL', 1, '고객과의 관계', '고객과의 관계', NULL, 'Y', 'Y', 'N', 3, '2', '20230428000000', '2', '20230428000000');
INSERT INTO plt_comm_cd (group_cd_id, cd_id, custco_id, cd_nm, cd_expln, cd_vl, sys_cd_yn, use_yn, del_yn, sort_ord, rgtr_id, reg_dt, mdfr_id, mdfcn_dt) VALUES('*', 'PCS_SVC_ST', 1, '서비스 상태', '서비스 상태', NULL, 'Y', 'Y', 'N', 4, '2', '20230428000000', '2', '20230428000000');
INSERT INTO plt_comm_cd (group_cd_id, cd_id, custco_id, cd_nm, cd_expln, cd_vl, sys_cd_yn, use_yn, del_yn, sort_ord, rgtr_id, reg_dt, mdfr_id, mdfcn_dt) VALUES('PCS_CUST_CL', 'CORP', 1, '법인', '법인', NULL, 'Y', 'Y', 'N', 1, '2', '20230428000000', '2', '20230428000000');
INSERT INTO plt_comm_cd (group_cd_id, cd_id, custco_id, cd_nm, cd_expln, cd_vl, sys_cd_yn, use_yn, del_yn, sort_ord, rgtr_id, reg_dt, mdfr_id, mdfcn_dt) VALUES('PCS_CUST_CL', 'INDU', 1, '개인', '개인', NULL, 'Y', 'Y', 'N', 2, '2', '20230428000000', '2', '20230428000000');
INSERT INTO plt_comm_cd (group_cd_id, cd_id, custco_id, cd_nm, cd_expln, cd_vl, sys_cd_yn, use_yn, del_yn, sort_ord, rgtr_id, reg_dt, mdfr_id, mdfcn_dt) VALUES('PCS_CUST_CL', 'ETC', 1, '기타', '기타', NULL, 'Y', 'Y', 'N', 3, '2', '20230428000000', '2', '20230428000000');
INSERT INTO plt_comm_cd (group_cd_id, cd_id, custco_id, cd_nm, cd_expln, cd_vl, sys_cd_yn, use_yn, del_yn, sort_ord, rgtr_id, reg_dt, mdfr_id, mdfcn_dt) VALUES('PCS_REQ', 'PORTAL', 1, 'Palette 포털', 'Palette 포털', NULL, 'Y', 'Y', 'N', 1, '2', '20230428000000', '2', '20230428000000');
INSERT INTO plt_comm_cd (group_cd_id, cd_id, custco_id, cd_nm, cd_expln, cd_vl, sys_cd_yn, use_yn, del_yn, sort_ord, rgtr_id, reg_dt, mdfr_id, mdfcn_dt) VALUES('PCS_REQ', 'SALES', 1, '세일즈', '세일즈', NULL, 'Y', 'Y', 'N', 2, '2', '20230428000000', '2', '20230428000000');
INSERT INTO plt_comm_cd (group_cd_id, cd_id, custco_id, cd_nm, cd_expln, cd_vl, sys_cd_yn, use_yn, del_yn, sort_ord, rgtr_id, reg_dt, mdfr_id, mdfcn_dt) VALUES('PCS_CUST_REL', 'MYSELF', 1, '본인', '본인', NULL, 'Y', 'Y', 'N', 1, '2', '20230428000000', '2', '20230428000000');
INSERT INTO plt_comm_cd (group_cd_id, cd_id, custco_id, cd_nm, cd_expln, cd_vl, sys_cd_yn, use_yn, del_yn, sort_ord, rgtr_id, reg_dt, mdfr_id, mdfcn_dt) VALUES('PCS_CUST_REL', 'AGENT', 1, '대리인', '대리인', NULL, 'Y', 'Y', 'N', 2, '2', '20230428000000', '2', '20230428000000');
INSERT INTO plt_comm_cd (group_cd_id, cd_id, custco_id, cd_nm, cd_expln, cd_vl, sys_cd_yn, use_yn, del_yn, sort_ord, rgtr_id, reg_dt, mdfr_id, mdfcn_dt) VALUES('PCS_SVC_ST', 'ON', 1, '서비스 중', '서비스 중', NULL, 'Y', 'Y', 'N', 1, '2', '20230428000000', '2', '20230428000000');
INSERT INTO plt_comm_cd (group_cd_id, cd_id, custco_id, cd_nm, cd_expln, cd_vl, sys_cd_yn, use_yn, del_yn, sort_ord, rgtr_id, reg_dt, mdfr_id, mdfcn_dt) VALUES('PCS_SVC_ST', 'OFF', 1, '서비스 종료', '서비스 종료', NULL, 'Y', 'Y', 'N', 2, '2', '20230428000000', '2', '20230428000000');
INSERT INTO plt_comm_cd (group_cd_id, cd_id, custco_id, cd_nm, cd_expln, cd_vl, sys_cd_yn, use_yn, del_yn, sort_ord, rgtr_id, reg_dt, mdfr_id, mdfcn_dt) VALUES('PCS_SVC_ST', 'PAUSE', 1, '일시종료', '일시종료', NULL, 'Y', 'Y', 'N', 3, '2', '20230428000000', '2', '20230428000000');
INSERT INTO plt_comm_cd (group_cd_id, cd_id, custco_id, cd_nm, cd_expln, cd_vl, sys_cd_yn, use_yn, del_yn, sort_ord, rgtr_id, reg_dt, mdfr_id, mdfcn_dt) VALUES('*', 'PCS_PROD', 1, '서비스 상품 코드', '서비스 상품 코드', NULL, 'Y', 'Y', 'N', 5, '2', '20230428000000', '2', '20230428000000');
INSERT INTO plt_comm_cd (group_cd_id, cd_id, custco_id, cd_nm, cd_expln, cd_vl, sys_cd_yn, use_yn, del_yn, sort_ord, rgtr_id, reg_dt, mdfr_id, mdfcn_dt) VALUES('PCS_PROD', 'CALL', 1, '전화 상담', '전화 상담', NULL, 'Y', 'Y', 'N', 1, '2', '20230428000000', '2', '20230428000000');
INSERT INTO plt_comm_cd (group_cd_id, cd_id, custco_id, cd_nm, cd_expln, cd_vl, sys_cd_yn, use_yn, del_yn, sort_ord, rgtr_id, reg_dt, mdfr_id, mdfcn_dt) VALUES('PCS_PROD', 'SNS', 1, 'SNS 상담', 'SNS 상담', NULL, 'Y', 'Y', 'N', 2, '2', '20230428000000', '2', '20230428000000');
INSERT INTO plt_comm_cd (group_cd_id, cd_id, custco_id, cd_nm, cd_expln, cd_vl, sys_cd_yn, use_yn, del_yn, sort_ord, rgtr_id, reg_dt, mdfr_id, mdfcn_dt) VALUES('PCS_PROD', 'SMS', 1, '문자 메시지', '문자 메시지', NULL, 'Y', 'Y', 'N', 3, '2', '20230428000000', '2', '20230428000000');
INSERT INTO plt_comm_cd (group_cd_id, cd_id, custco_id, cd_nm, cd_expln, cd_vl, sys_cd_yn, use_yn, del_yn, sort_ord, rgtr_id, reg_dt, mdfr_id, mdfcn_dt) VALUES('PCS_PROD', 'ALTALK', 1, '알림톡', '알림톡', NULL, 'Y', 'Y', 'N', 4, '2', '20230428000000', '2', '20230428000000');
INSERT INTO plt_comm_cd (group_cd_id, cd_id, custco_id, cd_nm, cd_expln, cd_vl, sys_cd_yn, use_yn, del_yn, sort_ord, rgtr_id, reg_dt, mdfr_id, mdfcn_dt) VALUES('PCS_PROD', 'OMNIONE', 1, '본인인증', '본인인증', NULL, 'Y', 'Y', 'N', 5, '2', '20230428000000', '2', '20230428000000');
INSERT INTO plt_comm_cd (group_cd_id, cd_id, custco_id, cd_nm, cd_expln, cd_vl, sys_cd_yn, use_yn, del_yn, sort_ord, rgtr_id, reg_dt, mdfr_id, mdfcn_dt) VALUES('PCS_PROD', 'VIDEO', 1, '영상통화', '영상통화', NULL, 'Y', 'Y', 'N', 6, '2', '20230428000000', '2', '20230428000000');
INSERT INTO plt_comm_cd (group_cd_id, cd_id, custco_id, cd_nm, cd_expln, cd_vl, sys_cd_yn, use_yn, del_yn, sort_ord, rgtr_id, reg_dt, mdfr_id, mdfcn_dt) VALUES('PCS_PROD', 'RSVT', 1, '예약상담', '예약상담', NULL, 'Y', 'Y', 'N', 7, '2', '20230428000000', '2', '20230428000000');
INSERT INTO plt_comm_cd (group_cd_id, cd_id, custco_id, cd_nm, cd_expln, cd_vl, sys_cd_yn, use_yn, del_yn, sort_ord, rgtr_id, reg_dt, mdfr_id, mdfcn_dt) VALUES('PCS_PROD', 'AS_ALTMNT', 1, 'A/S기사배정', 'A/S기사배정', NULL, 'Y', 'Y', 'N', 8, '2', '20230428000000', '2', '20230428000000');
INSERT INTO plt_comm_cd (group_cd_id, cd_id, custco_id, cd_nm, cd_expln, cd_vl, sys_cd_yn, use_yn, del_yn, sort_ord, rgtr_id, reg_dt, mdfr_id, mdfcn_dt) VALUES('*', 'PCS_GNDR', 1, '성별', '성별', NULL, 'Y', 'Y', 'N', 6, '2', '20230428000000', '2', '20230428000000');
INSERT INTO plt_comm_cd (group_cd_id, cd_id, custco_id, cd_nm, cd_expln, cd_vl, sys_cd_yn, use_yn, del_yn, sort_ord, rgtr_id, reg_dt, mdfr_id, mdfcn_dt) VALUES('PCS_GNDR', 'MALE', 1, '남성', 'Male', NULL, 'Y', 'Y', 'N', 1, '2', '20230428000000', '2', '20230428000000');
INSERT INTO plt_comm_cd (group_cd_id, cd_id, custco_id, cd_nm, cd_expln, cd_vl, sys_cd_yn, use_yn, del_yn, sort_ord, rgtr_id, reg_dt, mdfr_id, mdfcn_dt) VALUES('PCS_GNDR', 'FEMALE', 1, '여성', 'Female', NULL, 'Y', 'Y', 'N', 2, '2', '20230428000000', '2', '20230428000000');
INSERT INTO plt_comm_cd (group_cd_id, cd_id, custco_id, cd_nm, cd_expln, cd_vl, sys_cd_yn, use_yn, del_yn, sort_ord, rgtr_id, reg_dt, mdfr_id, mdfcn_dt) VALUES('*', 'PCS_USE_WT', 1, '사용 여부', '사용 여부', NULL, 'Y', 'Y', 'N', 7, '2', '20230428000000', '2', '20230428000000');
INSERT INTO plt_comm_cd (group_cd_id, cd_id, custco_id, cd_nm, cd_expln, cd_vl, sys_cd_yn, use_yn, del_yn, sort_ord, rgtr_id, reg_dt, mdfr_id, mdfcn_dt) VALUES('PCS_USE_WT', 'Y', 1, '사용', 'Yes', NULL, 'Y', 'Y', 'N', 1, '2', '20230428000000', '2', '20230428000000');
INSERT INTO plt_comm_cd (group_cd_id, cd_id, custco_id, cd_nm, cd_expln, cd_vl, sys_cd_yn, use_yn, del_yn, sort_ord, rgtr_id, reg_dt, mdfr_id, mdfcn_dt) VALUES('PCS_USE_WT', 'N', 1, '사용안함', 'No', NULL, 'Y', 'Y', 'N', 2, '2', '20230428000000', '2', '20230428000000');
INSERT INTO plt_comm_cd (group_cd_id, cd_id, custco_id, cd_nm, cd_expln, cd_vl, sys_cd_yn, use_yn, del_yn, sort_ord, rgtr_id, reg_dt, mdfr_id, mdfcn_dt) VALUES('*', 'PCS_SIC', 1, '표준산업분류', '표준산업분류 대분류', NULL, 'Y', 'Y', 'N', 8, '2', '20230428000000', '2', '20230428000000');
INSERT INTO plt_comm_cd (group_cd_id, cd_id, custco_id, cd_nm, cd_expln, cd_vl, sys_cd_yn, use_yn, del_yn, sort_ord, rgtr_id, reg_dt, mdfr_id, mdfcn_dt) VALUES('PCS_SIC', 'A', 1, '농업, 임업 및 어업', NULL, NULL, 'Y', 'Y', 'N', 1, '2', '20230428000000', '2', '20230428000000');
INSERT INTO plt_comm_cd (group_cd_id, cd_id, custco_id, cd_nm, cd_expln, cd_vl, sys_cd_yn, use_yn, del_yn, sort_ord, rgtr_id, reg_dt, mdfr_id, mdfcn_dt) VALUES('PCS_SIC', 'B', 1, '광업', NULL, NULL, 'Y', 'Y', 'N', 2, '2', '20230428000000', '2', '20230428000000');
INSERT INTO plt_comm_cd (group_cd_id, cd_id, custco_id, cd_nm, cd_expln, cd_vl, sys_cd_yn, use_yn, del_yn, sort_ord, rgtr_id, reg_dt, mdfr_id, mdfcn_dt) VALUES('PCS_SIC', 'C', 1, '제조업', NULL, NULL, 'Y', 'Y', 'N', 3, '2', '20230428000000', '2', '20230428000000');
INSERT INTO plt_comm_cd (group_cd_id, cd_id, custco_id, cd_nm, cd_expln, cd_vl, sys_cd_yn, use_yn, del_yn, sort_ord, rgtr_id, reg_dt, mdfr_id, mdfcn_dt) VALUES('PCS_SIC', 'D', 1, '전기, 가스, 증기 및 공기 조절 공급업', NULL, NULL, 'Y', 'Y', 'N', 4, '2', '20230428000000', '2', '20230428000000');
INSERT INTO plt_comm_cd (group_cd_id, cd_id, custco_id, cd_nm, cd_expln, cd_vl, sys_cd_yn, use_yn, del_yn, sort_ord, rgtr_id, reg_dt, mdfr_id, mdfcn_dt) VALUES('PCS_SIC', 'E', 1, '수도, 하수 및 폐기물 처리, 원료 재생업', NULL, NULL, 'Y', 'Y', 'N', 5, '2', '20230428000000', '2', '20230428000000');
INSERT INTO plt_comm_cd (group_cd_id, cd_id, custco_id, cd_nm, cd_expln, cd_vl, sys_cd_yn, use_yn, del_yn, sort_ord, rgtr_id, reg_dt, mdfr_id, mdfcn_dt) VALUES('PCS_SIC', 'F', 1, '건설업', NULL, NULL, 'Y', 'Y', 'N', 6, '2', '20230428000000', '2', '20230428000000');
INSERT INTO plt_comm_cd (group_cd_id, cd_id, custco_id, cd_nm, cd_expln, cd_vl, sys_cd_yn, use_yn, del_yn, sort_ord, rgtr_id, reg_dt, mdfr_id, mdfcn_dt) VALUES('PCS_SIC', 'G', 1, '도매 및 소매업', NULL, NULL, 'Y', 'Y', 'N', 7, '2', '20230428000000', '2', '20230428000000');
INSERT INTO plt_comm_cd (group_cd_id, cd_id, custco_id, cd_nm, cd_expln, cd_vl, sys_cd_yn, use_yn, del_yn, sort_ord, rgtr_id, reg_dt, mdfr_id, mdfcn_dt) VALUES('PCS_SIC', 'H', 1, '운수 및 창고업', NULL, NULL, 'Y', 'Y', 'N', 8, '2', '20230428000000', '2', '20230428000000');
INSERT INTO plt_comm_cd (group_cd_id, cd_id, custco_id, cd_nm, cd_expln, cd_vl, sys_cd_yn, use_yn, del_yn, sort_ord, rgtr_id, reg_dt, mdfr_id, mdfcn_dt) VALUES('PCS_SIC', 'I', 1, '숙박 및 음식점업', NULL, NULL, 'Y', 'Y', 'N', 9, '2', '20230428000000', '2', '20230428000000');
INSERT INTO plt_comm_cd (group_cd_id, cd_id, custco_id, cd_nm, cd_expln, cd_vl, sys_cd_yn, use_yn, del_yn, sort_ord, rgtr_id, reg_dt, mdfr_id, mdfcn_dt) VALUES('PCS_SIC', 'J', 1, '정보통신업', NULL, NULL, 'Y', 'Y', 'N', 10, '2', '20230428000000', '2', '20230428000000');
INSERT INTO plt_comm_cd (group_cd_id, cd_id, custco_id, cd_nm, cd_expln, cd_vl, sys_cd_yn, use_yn, del_yn, sort_ord, rgtr_id, reg_dt, mdfr_id, mdfcn_dt) VALUES('PCS_SIC', 'K', 1, '금융 및 보험업', NULL, NULL, 'Y', 'Y', 'N', 11, '2', '20230428000000', '2', '20230428000000');
INSERT INTO plt_comm_cd (group_cd_id, cd_id, custco_id, cd_nm, cd_expln, cd_vl, sys_cd_yn, use_yn, del_yn, sort_ord, rgtr_id, reg_dt, mdfr_id, mdfcn_dt) VALUES('PCS_SIC', 'L', 1, '부동산업', NULL, NULL, 'Y', 'Y', 'N', 12, '2', '20230428000000', '2', '20230428000000');
INSERT INTO plt_comm_cd (group_cd_id, cd_id, custco_id, cd_nm, cd_expln, cd_vl, sys_cd_yn, use_yn, del_yn, sort_ord, rgtr_id, reg_dt, mdfr_id, mdfcn_dt) VALUES('PCS_SIC', 'M', 1, '전문, 과학 및 기술 서비스업', NULL, NULL, 'Y', 'Y', 'N', 13, '2', '20230428000000', '2', '20230428000000');
INSERT INTO plt_comm_cd (group_cd_id, cd_id, custco_id, cd_nm, cd_expln, cd_vl, sys_cd_yn, use_yn, del_yn, sort_ord, rgtr_id, reg_dt, mdfr_id, mdfcn_dt) VALUES('PCS_SIC', 'N', 1, '사업시설 관리, 사업 지원 및 임대 서비스업', NULL, NULL, 'Y', 'Y', 'N', 14, '2', '20230428000000', '2', '20230428000000');
INSERT INTO plt_comm_cd (group_cd_id, cd_id, custco_id, cd_nm, cd_expln, cd_vl, sys_cd_yn, use_yn, del_yn, sort_ord, rgtr_id, reg_dt, mdfr_id, mdfcn_dt) VALUES('PCS_SIC', 'O', 1, '공공 행정, 국방 및 사회보장 행정', NULL, NULL, 'Y', 'Y', 'N', 15, '2', '20230428000000', '2', '20230428000000');
INSERT INTO plt_comm_cd (group_cd_id, cd_id, custco_id, cd_nm, cd_expln, cd_vl, sys_cd_yn, use_yn, del_yn, sort_ord, rgtr_id, reg_dt, mdfr_id, mdfcn_dt) VALUES('PCS_SIC', 'P', 1, '교육 서비스업', NULL, NULL, 'Y', 'Y', 'N', 16, '2', '20230428000000', '2', '20230428000000');
INSERT INTO plt_comm_cd (group_cd_id, cd_id, custco_id, cd_nm, cd_expln, cd_vl, sys_cd_yn, use_yn, del_yn, sort_ord, rgtr_id, reg_dt, mdfr_id, mdfcn_dt) VALUES('PCS_SIC', 'Q', 1, '보건업 및 사회복지 서비스업', NULL, NULL, 'Y', 'Y', 'N', 17, '2', '20230428000000', '2', '20230428000000');
INSERT INTO plt_comm_cd (group_cd_id, cd_id, custco_id, cd_nm, cd_expln, cd_vl, sys_cd_yn, use_yn, del_yn, sort_ord, rgtr_id, reg_dt, mdfr_id, mdfcn_dt) VALUES('PCS_SIC', 'R', 1, '예술, 스포츠 및 여가관련 서비스업', NULL, NULL, 'Y', 'Y', 'N', 18, '2', '20230428000000', '2', '20230428000000');
INSERT INTO plt_comm_cd (group_cd_id, cd_id, custco_id, cd_nm, cd_expln, cd_vl, sys_cd_yn, use_yn, del_yn, sort_ord, rgtr_id, reg_dt, mdfr_id, mdfcn_dt) VALUES('PCS_SIC', 'S', 1, '협회 및 단체, 수리 및 기타 개인 서비스업', NULL, NULL, 'Y', 'Y', 'N', 19, '2', '20230428000000', '2', '20230428000000');
INSERT INTO plt_comm_cd (group_cd_id, cd_id, custco_id, cd_nm, cd_expln, cd_vl, sys_cd_yn, use_yn, del_yn, sort_ord, rgtr_id, reg_dt, mdfr_id, mdfcn_dt) VALUES('PCS_SIC', 'T', 1, '가구내 고용활동 및 달리 분류되지 않은 자가소비 생산활동', NULL, NULL, 'Y', 'Y', 'N', 20, '2', '20230428000000', '2', '20230428000000');
INSERT INTO plt_comm_cd (group_cd_id, cd_id, custco_id, cd_nm, cd_expln, cd_vl, sys_cd_yn, use_yn, del_yn, sort_ord, rgtr_id, reg_dt, mdfr_id, mdfcn_dt) VALUES('PCS_SIC', 'U', 1, '국제 및 외국기관', NULL, NULL, 'Y', 'Y', 'N', 21, '2', '20230428000000', '2', '20230428000000');
INSERT INTO plt_comm_cd (group_cd_id, cd_id, custco_id, cd_nm, cd_expln, cd_vl, sys_cd_yn, use_yn, del_yn, sort_ord, rgtr_id, reg_dt, mdfr_id, mdfcn_dt) VALUES('PCS_SCHEMA_CRT_WT', 'NEW', 1, '신규 생성', NULL, NULL, 'Y', 'Y', 'N', 1, '2', '20230428000000', '2', '20230428000000');
INSERT INTO plt_comm_cd (group_cd_id, cd_id, custco_id, cd_nm, cd_expln, cd_vl, sys_cd_yn, use_yn, del_yn, sort_ord, rgtr_id, reg_dt, mdfr_id, mdfcn_dt) VALUES('PCS_SCHEMA_CRT_WT', 'HKCLOUD', 1, 'hkcloud 사용', NULL, NULL, 'Y', 'Y', 'N', 2, '2', '20230428000000', '2', '20230428000000');
INSERT INTO plt_comm_cd (group_cd_id, cd_id, custco_id, cd_nm, cd_expln, cd_vl, sys_cd_yn, use_yn, del_yn, sort_ord, rgtr_id, reg_dt, mdfr_id, mdfcn_dt) VALUES('*', 'PCS_SRVR_ST', 1, 'IPCC 서버 상태', 'IPCC 서버 상태', NULL, 'Y', 'Y', 'N', 10, '2', '20230428000000', '2', '20230428000000');
INSERT INTO plt_comm_cd (group_cd_id, cd_id, custco_id, cd_nm, cd_expln, cd_vl, sys_cd_yn, use_yn, del_yn, sort_ord, rgtr_id, reg_dt, mdfr_id, mdfcn_dt) VALUES('*', 'PCS_SCHEMA_CRT_WT', 1, '서비스 구분', '서비스 구분', NULL, 'Y', 'Y', 'N', 9, '2', '20230428000000', '2', '20230428000000');
INSERT INTO plt_comm_cd (group_cd_id, cd_id, custco_id, cd_nm, cd_expln, cd_vl, sys_cd_yn, use_yn, del_yn, sort_ord, rgtr_id, reg_dt, mdfr_id, mdfcn_dt) VALUES('PCS_SRVR_ST', 'ON', 1, '적용가능', '적용가능', NULL, 'Y', 'Y', 'N', 4, '2', '20230428000000', '2', '20230428000000');
INSERT INTO plt_comm_cd (group_cd_id, cd_id, custco_id, cd_nm, cd_expln, cd_vl, sys_cd_yn, use_yn, del_yn, sort_ord, rgtr_id, reg_dt, mdfr_id, mdfcn_dt) VALUES('PCS_SRVR_ST', 'OFF', 1, '적용불가', '적용불가', NULL, 'Y', 'Y', 'N', 5, '2', '20230428000000', '2', '20230428000000');

INSERT INTO PLT_COMM_CD(GROUP_CD_ID,CD_ID,CUSTCO_ID,CD_NM,CD_EXPLN,CD_VL,SYS_CD_YN,USE_YN,DEL_YN,SORT_ORD,RGTR_ID,REG_DT,MDFR_ID,MDFCN_DT) VALUES('*', 'LKAG_TP', '1', '연동 구분', '연동 유형', NULL, 'Y', 'Y', 'N', '15', '2', '20240319113100', '2', '20240319113100');
INSERT INTO PLT_COMM_CD(GROUP_CD_ID,CD_ID,CUSTCO_ID,CD_NM,CD_EXPLN,CD_VL,SYS_CD_YN,USE_YN,DEL_YN,SORT_ORD,RGTR_ID,REG_DT,MDFR_ID,MDFCN_DT) VALUES('*', 'LKAG_RSPNS_TP', '1', '연동 응답 자료 유형', '연동 응답 자료 유형', NULL, 'Y', 'Y', 'N', '16', '2', '20240319113100', '2', '20240319113100');
INSERT INTO PLT_COMM_CD(GROUP_CD_ID,CD_ID,CUSTCO_ID,CD_NM,CD_EXPLN,CD_VL,SYS_CD_YN,USE_YN,DEL_YN,SORT_ORD,RGTR_ID,REG_DT,MDFR_ID,MDFCN_DT) VALUES('*', 'LKAG_RQST_TP', '1', '연동 요청 구분', '연동 요청 구분', NULL, 'Y', 'Y', 'N', '17', '2', '20240319113100', '2', '20240319113100');
INSERT INTO PLT_COMM_CD(GROUP_CD_ID,CD_ID,CUSTCO_ID,CD_NM,CD_EXPLN,CD_VL,SYS_CD_YN,USE_YN,DEL_YN,SORT_ORD,RGTR_ID,REG_DT,MDFR_ID,MDFCN_DT) VALUES('*', 'LKAG_PARAM_SEND_TP', '1', '연동 파라미터 전달 유형', '연동 파라미터 전달 유형', NULL, 'Y', 'Y', 'N', '18', '2', '20240319113100', '2', '20240319113100');
INSERT INTO PLT_COMM_CD(GROUP_CD_ID,CD_ID,CUSTCO_ID,CD_NM,CD_EXPLN,CD_VL,SYS_CD_YN,USE_YN,DEL_YN,SORT_ORD,RGTR_ID,REG_DT,MDFR_ID,MDFCN_DT) VALUES('*', 'LKAG_EN_CERT_TP', '1', '연동 암호화 유형', '연동 암호화 유형', NULL, 'Y', 'Y', 'N', '19', '2', '20240319113100', '2', '20240319113100');
INSERT INTO PLT_COMM_CD(GROUP_CD_ID,CD_ID,CUSTCO_ID,CD_NM,CD_EXPLN,CD_VL,SYS_CD_YN,USE_YN,DEL_YN,SORT_ORD,RGTR_ID,REG_DT,MDFR_ID,MDFCN_DT) VALUES('*', 'LKAG_DE_CERT_TP', '1', '연동 복호화 유형', '연동 복호화 유형', NULL, 'Y', 'Y', 'N', '20', '2', '20240319113100', '2', '20240319113100');
INSERT INTO PLT_COMM_CD(GROUP_CD_ID,CD_ID,CUSTCO_ID,CD_NM,CD_EXPLN,CD_VL,SYS_CD_YN,USE_YN,DEL_YN,SORT_ORD,RGTR_ID,REG_DT,MDFR_ID,MDFCN_DT) VALUES('*', 'LKAG_PARAM_ITEM_TP', '1', '연동 파라미터 자료 유형', '연동 파라미터 자료 유형', NULL, 'Y', 'Y', 'N', '21', '2', '20240319113100', '2', '20240319113100');
INSERT INTO PLT_COMM_CD(GROUP_CD_ID,CD_ID,CUSTCO_ID,CD_NM,CD_EXPLN,CD_VL,SYS_CD_YN,USE_YN,DEL_YN,SORT_ORD,RGTR_ID,REG_DT,MDFR_ID,MDFCN_DT) VALUES('*', 'LKAG_RQST_ITEM_TP', '1', '연동 요청 자료 유형', '연동 요청 자료 유형', NULL, 'Y', 'Y', 'N', '116', '2', '20240319113100', '2', '20240319113100');


INSERT INTO PLT_COMM_CD(GROUP_CD_ID,CD_ID,CUSTCO_ID,CD_NM,CD_EXPLN,CD_VL,SYS_CD_YN,USE_YN,DEL_YN,SORT_ORD,RGTR_ID,REG_DT,MDFR_ID,MDFCN_DT) VALUES('LKAG_TP', 'LT_RESTFULL', '1', 'REST API', 'REST API', NULL, 'Y', 'Y', 'N', '1', '2', '20240319113100', '2', '20240319113100');
INSERT INTO PLT_COMM_CD(GROUP_CD_ID,CD_ID,CUSTCO_ID,CD_NM,CD_EXPLN,CD_VL,SYS_CD_YN,USE_YN,DEL_YN,SORT_ORD,RGTR_ID,REG_DT,MDFR_ID,MDFCN_DT) VALUES('LKAG_TP', 'LT_VIEW', '1', 'VIEW', 'VIEW', NULL, 'Y', 'Y', 'N', '2', '2', '20240319113100', '2', '20240319113100');
INSERT INTO PLT_COMM_CD(GROUP_CD_ID,CD_ID,CUSTCO_ID,CD_NM,CD_EXPLN,CD_VL,SYS_CD_YN,USE_YN,DEL_YN,SORT_ORD,RGTR_ID,REG_DT,MDFR_ID,MDFCN_DT) VALUES('LKAG_RSPNS_TP', 'RSPNS_JSON', '1', 'JSON', 'JSON', 'json', 'Y', 'Y', 'N', '1', '2', '20240319113100', '2', '20240319113100');
INSERT INTO PLT_COMM_CD(GROUP_CD_ID,CD_ID,CUSTCO_ID,CD_NM,CD_EXPLN,CD_VL,SYS_CD_YN,USE_YN,DEL_YN,SORT_ORD,RGTR_ID,REG_DT,MDFR_ID,MDFCN_DT) VALUES('LKAG_RSPNS_TP', 'RSPNS_XML', '1', 'XML', 'XML', 'xml', 'Y', 'Y', 'N', '2', '2', '20240319113100', '2', '20240319113100');
INSERT INTO PLT_COMM_CD(GROUP_CD_ID,CD_ID,CUSTCO_ID,CD_NM,CD_EXPLN,CD_VL,SYS_CD_YN,USE_YN,DEL_YN,SORT_ORD,RGTR_ID,REG_DT,MDFR_ID,MDFCN_DT) VALUES('LKAG_RQST_TP', 'RQST_POST', '1', 'POST', 'POST', 'post', 'Y', 'Y', 'N', '1', '2', '20240319113100', '2', '20240319113100');
INSERT INTO PLT_COMM_CD(GROUP_CD_ID,CD_ID,CUSTCO_ID,CD_NM,CD_EXPLN,CD_VL,SYS_CD_YN,USE_YN,DEL_YN,SORT_ORD,RGTR_ID,REG_DT,MDFR_ID,MDFCN_DT) VALUES('LKAG_RQST_TP', 'RQST_GET', '1', 'GET', 'GET', 'get', 'Y', 'Y', 'N', '2', '2', '20240319113100', '2', '20240319113100');
INSERT INTO PLT_COMM_CD(GROUP_CD_ID,CD_ID,CUSTCO_ID,CD_NM,CD_EXPLN,CD_VL,SYS_CD_YN,USE_YN,DEL_YN,SORT_ORD,RGTR_ID,REG_DT,MDFR_ID,MDFCN_DT) VALUES('LKAG_RQST_TP', 'RQST_PUT', '1', 'PUT', 'PUT', 'put', 'Y', 'Y', 'N', '3', '2', '20240319113100', '2', '20240319113100');
INSERT INTO PLT_COMM_CD(GROUP_CD_ID,CD_ID,CUSTCO_ID,CD_NM,CD_EXPLN,CD_VL,SYS_CD_YN,USE_YN,DEL_YN,SORT_ORD,RGTR_ID,REG_DT,MDFR_ID,MDFCN_DT) VALUES('LKAG_RQST_TP', 'RQST_PATCH', '1', 'PATCH', 'PATCH', 'patch', 'Y', 'Y', 'N', '4', '2', '20240319113100', '2', '20240319113100');
INSERT INTO PLT_COMM_CD(GROUP_CD_ID,CD_ID,CUSTCO_ID,CD_NM,CD_EXPLN,CD_VL,SYS_CD_YN,USE_YN,DEL_YN,SORT_ORD,RGTR_ID,REG_DT,MDFR_ID,MDFCN_DT) VALUES('LKAG_RQST_TP', 'RQST_DELETE', '1', 'DELETE', 'DELETE', 'delete', 'Y', 'Y', 'N', '5', '2', '20240319113100', '2', '20240319113100');
INSERT INTO PLT_COMM_CD(GROUP_CD_ID,CD_ID,CUSTCO_ID,CD_NM,CD_EXPLN,CD_VL,SYS_CD_YN,USE_YN,DEL_YN,SORT_ORD,RGTR_ID,REG_DT,MDFR_ID,MDFCN_DT) VALUES('LKAG_PARAM_SEND_TP', 'LPST_PATH', '1', 'PATH', 'PATH', NULL, 'Y', 'Y', 'N', '1', '2', '20240319113100', '2', '20240319113100');
INSERT INTO PLT_COMM_CD(GROUP_CD_ID,CD_ID,CUSTCO_ID,CD_NM,CD_EXPLN,CD_VL,SYS_CD_YN,USE_YN,DEL_YN,SORT_ORD,RGTR_ID,REG_DT,MDFR_ID,MDFCN_DT) VALUES('LKAG_PARAM_SEND_TP', 'LPST_QUERY', '1', 'QUERY', 'QUERY', NULL, 'Y', 'Y', 'N', '2', '2', '20240319113100', '2', '20240319113100');
INSERT INTO PLT_COMM_CD(GROUP_CD_ID,CD_ID,CUSTCO_ID,CD_NM,CD_EXPLN,CD_VL,SYS_CD_YN,USE_YN,DEL_YN,SORT_ORD,RGTR_ID,REG_DT,MDFR_ID,MDFCN_DT) VALUES('LKAG_PARAM_SEND_TP', 'LPST_BODY', '1', 'BODY', 'BODY', NULL, 'Y', 'Y', 'N', '3', '2', '20240319113100', '2', '20240319113100');
INSERT INTO PLT_COMM_CD(GROUP_CD_ID,CD_ID,CUSTCO_ID,CD_NM,CD_EXPLN,CD_VL,SYS_CD_YN,USE_YN,DEL_YN,SORT_ORD,RGTR_ID,REG_DT,MDFR_ID,MDFCN_DT) VALUES('LKAG_EN_CERT_TP', 'LECT_TXT', '1', '평문', '평문', NULL, 'Y', 'Y', 'N', '1', '2', '20240319113100', '2', '20240319113100');
INSERT INTO PLT_COMM_CD(GROUP_CD_ID,CD_ID,CUSTCO_ID,CD_NM,CD_EXPLN,CD_VL,SYS_CD_YN,USE_YN,DEL_YN,SORT_ORD,RGTR_ID,REG_DT,MDFR_ID,MDFCN_DT) VALUES('LKAG_EN_CERT_TP', 'LECT_AES', '1', 'AES', 'AES', 'kr.co.hkcloud.palette3.core.security.crypto.AES256Cipher.encryptString', 'Y', 'Y', 'N', '2', '2', '20240319113100', '2', '20240319113100');
INSERT INTO PLT_COMM_CD(GROUP_CD_ID,CD_ID,CUSTCO_ID,CD_NM,CD_EXPLN,CD_VL,SYS_CD_YN,USE_YN,DEL_YN,SORT_ORD,RGTR_ID,REG_DT,MDFR_ID,MDFCN_DT) VALUES('LKAG_EN_CERT_TP', 'LECT_SHA256', '1', 'SHA256', 'SHA256', 'kr.co.hkcloud.palette3.core.security.crypto.Hash.encryptSHA256', 'Y', 'Y', 'N', '3', '2', '20240319113100', '2', '20240319113100');
INSERT INTO PLT_COMM_CD(GROUP_CD_ID,CD_ID,CUSTCO_ID,CD_NM,CD_EXPLN,CD_VL,SYS_CD_YN,USE_YN,DEL_YN,SORT_ORD,RGTR_ID,REG_DT,MDFR_ID,MDFCN_DT) VALUES('LKAG_EN_CERT_TP', 'LECT_BAS64', '1', 'BASE64', 'BASE64', 'kr.co.hkcloud.palette3.core.security.crypto.Base64.defaultEncode', 'Y', 'Y', 'N', '4', '2', '20240319113100', '2', '20240319113100');
INSERT INTO PLT_COMM_CD(GROUP_CD_ID,CD_ID,CUSTCO_ID,CD_NM,CD_EXPLN,CD_VL,SYS_CD_YN,USE_YN,DEL_YN,SORT_ORD,RGTR_ID,REG_DT,MDFR_ID,MDFCN_DT) VALUES('LKAG_DE_CERT_TP', 'LDCT_TXT', '1', '평문', '평문', NULL, 'Y', 'Y', 'N', '1', '2', '20240319113100', '2', '20240319113100');
INSERT INTO PLT_COMM_CD(GROUP_CD_ID,CD_ID,CUSTCO_ID,CD_NM,CD_EXPLN,CD_VL,SYS_CD_YN,USE_YN,DEL_YN,SORT_ORD,RGTR_ID,REG_DT,MDFR_ID,MDFCN_DT) VALUES('LKAG_DE_CERT_TP', 'LDCT_AES', '1', 'AES', 'AES', 'kr.co.hkcloud.palette3.core.security.crypto.AES256Cipher.decryptString', 'Y', 'Y', 'N', '2', '2', '20240319113100', '2', '20240319113100');
INSERT INTO PLT_COMM_CD(GROUP_CD_ID,CD_ID,CUSTCO_ID,CD_NM,CD_EXPLN,CD_VL,SYS_CD_YN,USE_YN,DEL_YN,SORT_ORD,RGTR_ID,REG_DT,MDFR_ID,MDFCN_DT) VALUES('LKAG_DE_CERT_TP', 'LDCT_BAS64', '1', 'BASE64', 'BASE64', 'kr.co.hkcloud.palette3.core.security.crypto.Base64.defaultDecode', 'Y', 'Y', 'N', '2', '2', '20240319113100', '2', '20240319113100');
INSERT INTO PLT_COMM_CD(GROUP_CD_ID,CD_ID,CUSTCO_ID,CD_NM,CD_EXPLN,CD_VL,SYS_CD_YN,USE_YN,DEL_YN,SORT_ORD,RGTR_ID,REG_DT,MDFR_ID,MDFCN_DT) VALUES('LKAG_PARAM_ITEM_TP', 'LPIT_STRING', '1', 'String', 'String', NULL, 'Y', 'Y', 'N', '1', '2', '20240319113100', '2', '20240319113100');
INSERT INTO PLT_COMM_CD(GROUP_CD_ID,CD_ID,CUSTCO_ID,CD_NM,CD_EXPLN,CD_VL,SYS_CD_YN,USE_YN,DEL_YN,SORT_ORD,RGTR_ID,REG_DT,MDFR_ID,MDFCN_DT) VALUES('LKAG_PARAM_ITEM_TP', 'LPIT_INPUT_STRING', '1', 'Input String', 'Input String', NULL, 'Y', 'Y', 'N', '11', '2', '20240319113100', '2', '20240319113100');
INSERT INTO PLT_COMM_CD(GROUP_CD_ID,CD_ID,CUSTCO_ID,CD_NM,CD_EXPLN,CD_VL,SYS_CD_YN,USE_YN,DEL_YN,SORT_ORD,RGTR_ID,REG_DT,MDFR_ID,MDFCN_DT) VALUES('LKAG_PARAM_ITEM_TP', 'LPIT_INT', '1', 'Int', 'Int', NULL, 'Y', 'Y', 'N', '2', '2', '20240319113100', '2', '20240319113100');
INSERT INTO PLT_COMM_CD(GROUP_CD_ID,CD_ID,CUSTCO_ID,CD_NM,CD_EXPLN,CD_VL,SYS_CD_YN,USE_YN,DEL_YN,SORT_ORD,RGTR_ID,REG_DT,MDFR_ID,MDFCN_DT) VALUES('LKAG_PARAM_ITEM_TP', 'LPIT_BOOLEAN', '1', 'boolean', 'boolean', NULL, 'Y', 'Y', 'N', '3', '2', '20240319113100', '2', '20240319113100');
INSERT INTO PLT_COMM_CD(GROUP_CD_ID,CD_ID,CUSTCO_ID,CD_NM,CD_EXPLN,CD_VL,SYS_CD_YN,USE_YN,DEL_YN,SORT_ORD,RGTR_ID,REG_DT,MDFR_ID,MDFCN_DT) VALUES('LKAG_PARAM_ITEM_TP', 'LPIT_DATETIME', '1', 'String14(DateTime)', 'String14(DateTime)', NULL, 'Y', 'Y', 'N', '4', '2', '20240319113100', '2', '20240319113100');
INSERT INTO PLT_COMM_CD(GROUP_CD_ID,CD_ID,CUSTCO_ID,CD_NM,CD_EXPLN,CD_VL,SYS_CD_YN,USE_YN,DEL_YN,SORT_ORD,RGTR_ID,REG_DT,MDFR_ID,MDFCN_DT) VALUES('LKAG_PARAM_ITEM_TP', 'LPIT_DATETIME_S', '1', 'String14(DateTime)S', 'String14(DateTime)S', NULL, 'Y', 'Y', 'N', '5', '2', '20240319113100', '2', '20240319113100');
INSERT INTO PLT_COMM_CD(GROUP_CD_ID,CD_ID,CUSTCO_ID,CD_NM,CD_EXPLN,CD_VL,SYS_CD_YN,USE_YN,DEL_YN,SORT_ORD,RGTR_ID,REG_DT,MDFR_ID,MDFCN_DT) VALUES('LKAG_PARAM_ITEM_TP', 'LPIT_DATETIME_E', '1', 'String14(DateTime)E', 'String14(DateTime)E', NULL, 'Y', 'Y', 'N', '6', '2', '20240319113100', '2', '20240319113100');
INSERT INTO PLT_COMM_CD(GROUP_CD_ID,CD_ID,CUSTCO_ID,CD_NM,CD_EXPLN,CD_VL,SYS_CD_YN,USE_YN,DEL_YN,SORT_ORD,RGTR_ID,REG_DT,MDFR_ID,MDFCN_DT) VALUES('LKAG_PARAM_ITEM_TP', 'LPIT_OBJECT', '1', 'Object', 'Object', NULL, 'Y', 'Y', 'N', '7', '2', '20240319113100', '2', '20240319113100');
INSERT INTO PLT_COMM_CD(GROUP_CD_ID,CD_ID,CUSTCO_ID,CD_NM,CD_EXPLN,CD_VL,SYS_CD_YN,USE_YN,DEL_YN,SORT_ORD,RGTR_ID,REG_DT,MDFR_ID,MDFCN_DT) VALUES('LKAG_PARAM_ITEM_TP', 'LPIT_ARRAY', '1', 'Array Object', 'Array Object', NULL, 'Y', 'Y', 'N', '8', '2', '20240319113100', '2', '20240319113100');
INSERT INTO PLT_COMM_CD(GROUP_CD_ID,CD_ID,CUSTCO_ID,CD_NM,CD_EXPLN,CD_VL,SYS_CD_YN,USE_YN,DEL_YN,SORT_ORD,RGTR_ID,REG_DT,MDFR_ID,MDFCN_DT) VALUES('LKAG_PARAM_ITEM_TP', 'LPIT_ARRAY_STRING', '1', 'Array String', 'Array String', NULL, 'Y', 'Y', 'N', '9', '2', '20240319113100', '2', '20240319113100');
INSERT INTO PLT_COMM_CD(GROUP_CD_ID,CD_ID,CUSTCO_ID,CD_NM,CD_EXPLN,CD_VL,SYS_CD_YN,USE_YN,DEL_YN,SORT_ORD,RGTR_ID,REG_DT,MDFR_ID,MDFCN_DT) VALUES('LKAG_PARAM_ITEM_TP', 'LPIT_GROUP_CD_ID', '1', '공통코드(그룹코드)', '공통코드(그룹코드)', NULL, 'Y', 'Y', 'N', '10', '2', '20240319113100', '2', '20240319113100');


INSERT INTO PLT_COMM_CD(GROUP_CD_ID,CD_ID,CUSTCO_ID,CD_NM,CD_EXPLN,CD_VL,SYS_CD_YN,USE_YN,DEL_YN,SORT_ORD,RGTR_ID,REG_DT,MDFR_ID,MDFCN_DT) VALUES('LKAG_RQST_ITEM_TP', 'LRIT_JSON', '1', 'JSON', 'JSON', 'json', 'Y', 'Y', 'N', '1', '2', '20240319113100', '2', '20240319113100');
INSERT INTO PLT_COMM_CD(GROUP_CD_ID,CD_ID,CUSTCO_ID,CD_NM,CD_EXPLN,CD_VL,SYS_CD_YN,USE_YN,DEL_YN,SORT_ORD,RGTR_ID,REG_DT,MDFR_ID,MDFCN_DT) VALUES('LKAG_RQST_ITEM_TP', 'LRIT_XML', '1', 'XML', 'XML', 'xml', 'Y', 'Y', 'N', '2', '2', '20240319113100', '2', '20240319113100');

INSERT INTO PLT_COMM_CD(GROUP_CD_ID,CD_ID,CUSTCO_ID,CD_NM,CD_EXPLN,CD_VL,SYS_CD_YN,USE_YN,DEL_YN,SORT_ORD,RGTR_ID,REG_DT,MDFR_ID,MDFCN_DT) VALUES('*', 'LKAG_LAYOUT_TP', '1', '연동 레이아웃 유형', '연동 레이아웃 유형', NULL, 'Y', 'Y', 'N', '116', '2', '20240319113100', '2', '20240319113100');
INSERT INTO PLT_COMM_CD(GROUP_CD_ID,CD_ID,CUSTCO_ID,CD_NM,CD_EXPLN,CD_VL,SYS_CD_YN,USE_YN,DEL_YN,SORT_ORD,RGTR_ID,REG_DT,MDFR_ID,MDFCN_DT) VALUES('*', 'LKAG_THUMNAIL_LINE_TP', '1', '썸네일 외곽선 유형', '썸네일 외곽선 유형', NULL, 'Y', 'Y', 'N', '117', '2', '20240319113100', '2', '20240319113100');
INSERT INTO PLT_COMM_CD(GROUP_CD_ID,CD_ID,CUSTCO_ID,CD_NM,CD_EXPLN,CD_VL,SYS_CD_YN,USE_YN,DEL_YN,SORT_ORD,RGTR_ID,REG_DT,MDFR_ID,MDFCN_DT) VALUES('*', 'LOC_SORT_TP', '1', '위아래 위치 정렬 유형', '위아래 위치 정렬 유형', NULL, 'Y', 'Y', 'N', '118', '2', '20240319113100', '2', '20240319113100');

INSERT INTO PLT_COMM_CD(GROUP_CD_ID,CD_ID,CUSTCO_ID,CD_NM,CD_EXPLN,CD_VL,SYS_CD_YN,USE_YN,DEL_YN,SORT_ORD,RGTR_ID,REG_DT,MDFR_ID,MDFCN_DT) VALUES('LKAG_LAYOUT_TP', 'LLT_DEFAULT', '1', '기본형', '기본형', 'base', 'Y', 'Y', 'N', '1', '2', '20240319113100', '2', '20240319113100');
INSERT INTO PLT_COMM_CD(GROUP_CD_ID,CD_ID,CUSTCO_ID,CD_NM,CD_EXPLN,CD_VL,SYS_CD_YN,USE_YN,DEL_YN,SORT_ORD,RGTR_ID,REG_DT,MDFR_ID,MDFCN_DT) VALUES('LKAG_LAYOUT_TP', 'LLT_GRID', '1', '그리드형', '그리드형', 'grid', 'Y', 'Y', 'N', '2', '2', '20240319113100', '2', '20240319113100');
INSERT INTO PLT_COMM_CD(GROUP_CD_ID,CD_ID,CUSTCO_ID,CD_NM,CD_EXPLN,CD_VL,SYS_CD_YN,USE_YN,DEL_YN,SORT_ORD,RGTR_ID,REG_DT,MDFR_ID,MDFCN_DT) VALUES('LKAG_LAYOUT_TP', 'LLT_MIX', '1', '혼합형', '혼합형', 'mix', 'Y', 'Y', 'N', '3', '2', '20240319113100', '2', '20240319113100');
INSERT INTO PLT_COMM_CD(GROUP_CD_ID,CD_ID,CUSTCO_ID,CD_NM,CD_EXPLN,CD_VL,SYS_CD_YN,USE_YN,DEL_YN,SORT_ORD,RGTR_ID,REG_DT,MDFR_ID,MDFCN_DT) VALUES('LKAG_THUMNAIL_LINE_TP', 'LTLT_NONE', '1', 'none', 'none', NULL, 'Y', 'Y', 'N', '1', '2', '20240319113100', '2', '20240319113100');
INSERT INTO PLT_COMM_CD(GROUP_CD_ID,CD_ID,CUSTCO_ID,CD_NM,CD_EXPLN,CD_VL,SYS_CD_YN,USE_YN,DEL_YN,SORT_ORD,RGTR_ID,REG_DT,MDFR_ID,MDFCN_DT) VALUES('LKAG_THUMNAIL_LINE_TP', 'LTLT_HIDDEN', '1', 'hidden', 'hidden', NULL, 'Y', 'Y', 'N', '2', '2', '20240319113100', '2', '20240319113100');
INSERT INTO PLT_COMM_CD(GROUP_CD_ID,CD_ID,CUSTCO_ID,CD_NM,CD_EXPLN,CD_VL,SYS_CD_YN,USE_YN,DEL_YN,SORT_ORD,RGTR_ID,REG_DT,MDFR_ID,MDFCN_DT) VALUES('LKAG_THUMNAIL_LINE_TP', 'LTLT_DOTTED', '1', 'dotted', 'dotted', NULL, 'Y', 'Y', 'N', '3', '2', '20240319113100', '2', '20240319113100');
INSERT INTO PLT_COMM_CD(GROUP_CD_ID,CD_ID,CUSTCO_ID,CD_NM,CD_EXPLN,CD_VL,SYS_CD_YN,USE_YN,DEL_YN,SORT_ORD,RGTR_ID,REG_DT,MDFR_ID,MDFCN_DT) VALUES('LKAG_THUMNAIL_LINE_TP', 'LTLT_DASHED', '1', 'dashed', 'dashed', NULL, 'Y', 'Y', 'N', '4', '2', '20240319113100', '2', '20240319113100');
INSERT INTO PLT_COMM_CD(GROUP_CD_ID,CD_ID,CUSTCO_ID,CD_NM,CD_EXPLN,CD_VL,SYS_CD_YN,USE_YN,DEL_YN,SORT_ORD,RGTR_ID,REG_DT,MDFR_ID,MDFCN_DT) VALUES('LKAG_THUMNAIL_LINE_TP', 'LTLT_SOLID', '1', 'solid', 'solid', NULL, 'Y', 'Y', 'N', '5', '2', '20240319113100', '2', '20240319113100');
INSERT INTO PLT_COMM_CD(GROUP_CD_ID,CD_ID,CUSTCO_ID,CD_NM,CD_EXPLN,CD_VL,SYS_CD_YN,USE_YN,DEL_YN,SORT_ORD,RGTR_ID,REG_DT,MDFR_ID,MDFCN_DT) VALUES('LKAG_THUMNAIL_LINE_TP', 'LTLT_DOUBLE', '1', 'double', 'double', NULL, 'Y', 'Y', 'N', '6', '2', '20240319113100', '2', '20240319113100');
INSERT INTO PLT_COMM_CD(GROUP_CD_ID,CD_ID,CUSTCO_ID,CD_NM,CD_EXPLN,CD_VL,SYS_CD_YN,USE_YN,DEL_YN,SORT_ORD,RGTR_ID,REG_DT,MDFR_ID,MDFCN_DT) VALUES('LKAG_THUMNAIL_LINE_TP', 'LTLT_GROOVE', '1', 'groove', 'groove', NULL, 'Y', 'Y', 'N', '7', '2', '20240319113100', '2', '20240319113100');
INSERT INTO PLT_COMM_CD(GROUP_CD_ID,CD_ID,CUSTCO_ID,CD_NM,CD_EXPLN,CD_VL,SYS_CD_YN,USE_YN,DEL_YN,SORT_ORD,RGTR_ID,REG_DT,MDFR_ID,MDFCN_DT) VALUES('LKAG_THUMNAIL_LINE_TP', 'LTLT_RIDGE', '1', 'ridge', 'ridge', NULL, 'Y', 'Y', 'N', '8', '2', '20240319113100', '2', '20240319113100');
INSERT INTO PLT_COMM_CD(GROUP_CD_ID,CD_ID,CUSTCO_ID,CD_NM,CD_EXPLN,CD_VL,SYS_CD_YN,USE_YN,DEL_YN,SORT_ORD,RGTR_ID,REG_DT,MDFR_ID,MDFCN_DT) VALUES('LKAG_THUMNAIL_LINE_TP', 'LTLT_INSET', '1', 'inset', 'inset', NULL, 'Y', 'Y', 'N', '9', '2', '20240319113100', '2', '20240319113100');
INSERT INTO PLT_COMM_CD(GROUP_CD_ID,CD_ID,CUSTCO_ID,CD_NM,CD_EXPLN,CD_VL,SYS_CD_YN,USE_YN,DEL_YN,SORT_ORD,RGTR_ID,REG_DT,MDFR_ID,MDFCN_DT) VALUES('LKAG_THUMNAIL_LINE_TP', 'LTLT_OUTSET', '1', 'outset', 'outset', NULL, 'Y', 'Y', 'N', '10', '2', '20240319113100', '2', '20240319113100');
INSERT INTO PLT_COMM_CD(GROUP_CD_ID,CD_ID,CUSTCO_ID,CD_NM,CD_EXPLN,CD_VL,SYS_CD_YN,USE_YN,DEL_YN,SORT_ORD,RGTR_ID,REG_DT,MDFR_ID,MDFCN_DT) VALUES('LOC_SORT_TP', 'LST_TOP', '1', '위', '위', 'start', 'Y', 'Y', 'N', '1', '2', '20240319113100', '2', '20240319113100');
INSERT INTO PLT_COMM_CD(GROUP_CD_ID,CD_ID,CUSTCO_ID,CD_NM,CD_EXPLN,CD_VL,SYS_CD_YN,USE_YN,DEL_YN,SORT_ORD,RGTR_ID,REG_DT,MDFR_ID,MDFCN_DT) VALUES('LOC_SORT_TP', 'LST_MIDDLE', '1', '가운데', '가운데', 'center', 'Y', 'Y', 'N', '2', '2', '20240319113100', '2', '20240319113100');
INSERT INTO PLT_COMM_CD(GROUP_CD_ID,CD_ID,CUSTCO_ID,CD_NM,CD_EXPLN,CD_VL,SYS_CD_YN,USE_YN,DEL_YN,SORT_ORD,RGTR_ID,REG_DT,MDFR_ID,MDFCN_DT) VALUES('LOC_SORT_TP', 'LST_BOTTOM', '1', '아래', '아래', 'end', 'Y', 'Y', 'N', '3', '2', '20240319113100', '2', '20240319113100');

INSERT INTO PLT_COMM_CD(GROUP_CD_ID,CD_ID,CUSTCO_ID,CD_NM,CD_EXPLN,CD_VL,SYS_CD_YN,USE_YN,DEL_YN,SORT_ORD,RGTR_ID,REG_DT,MDFR_ID,MDFCN_DT) VALUES('*', 'LPIT_DATETIME_FMT', '1', '연동 날짜타입 포멧', '연동 날짜타입 포멧', NULL, 'Y', 'Y', 'N', '119', '2', '20240319113100', '2', '20240319113100');
INSERT INTO PLT_COMM_CD(GROUP_CD_ID,CD_ID,CUSTCO_ID,CD_NM,CD_EXPLN,CD_VL,SYS_CD_YN,USE_YN,DEL_YN,SORT_ORD,RGTR_ID,REG_DT,MDFR_ID,MDFCN_DT) VALUES('LPIT_DATETIME_FMT', 'yyyyMMddHHmmss', '1', 'yyyyMMddHHmmss', 'yyyyMMddHHmmss', NULL, 'Y', 'Y', 'N', '1', '2', '20240319113100', '2', '20240319113100');
INSERT INTO PLT_COMM_CD(GROUP_CD_ID,CD_ID,CUSTCO_ID,CD_NM,CD_EXPLN,CD_VL,SYS_CD_YN,USE_YN,DEL_YN,SORT_ORD,RGTR_ID,REG_DT,MDFR_ID,MDFCN_DT) VALUES('LPIT_DATETIME_FMT', 'yyyy-MM-dd', '1', 'yyyy-MM-dd', 'yyyy-MM-dd', NULL, 'Y', 'Y', 'N', '2', '2', '20240319113100', '2', '20240319113100');
INSERT INTO PLT_COMM_CD(GROUP_CD_ID,CD_ID,CUSTCO_ID,CD_NM,CD_EXPLN,CD_VL,SYS_CD_YN,USE_YN,DEL_YN,SORT_ORD,RGTR_ID,REG_DT,MDFR_ID,MDFCN_DT) VALUES('LPIT_DATETIME_FMT', 'yyyy-MM-dd HH:mm', '1', 'yyyy-MM-dd HH:mm', 'yyyy-MM-dd HH:mm', NULL, 'Y', 'Y', 'N', '3', '2', '20240319113100', '2', '20240319113100');
INSERT INTO PLT_COMM_CD(GROUP_CD_ID,CD_ID,CUSTCO_ID,CD_NM,CD_EXPLN,CD_VL,SYS_CD_YN,USE_YN,DEL_YN,SORT_ORD,RGTR_ID,REG_DT,MDFR_ID,MDFCN_DT) VALUES('LPIT_DATETIME_FMT', 'yyyy-MM-dd HH:mm:ss', '1', 'yyyy-MM-dd HH:mm:ss', 'yyyy-MM-dd HH:mm:ss', NULL, 'Y', 'Y', 'N', '4', '2', '20240319113100', '2', '20240319113100');
INSERT INTO PLT_COMM_CD(GROUP_CD_ID,CD_ID,CUSTCO_ID,CD_NM,CD_EXPLN,CD_VL,SYS_CD_YN,USE_YN,DEL_YN,SORT_ORD,RGTR_ID,REG_DT,MDFR_ID,MDFCN_DT) VALUES('LPIT_DATETIME_FMT', 'yyyy-MM-dd''T''HH:mm:ss.SSSXXX', '1', 'yyyy-MM-dd''T''HH:mm:ss.SSSXXX', 'yyyy-MM-dd''T''HH:mm:ss.SSSXXX', NULL, 'Y', 'Y', 'N', '5', '2', '20240319113100', '2', '20240319113100');
insert into PLT_COMM_CD(GROUP_CD_ID,CD_ID,CUSTCO_ID,CD_NM,CD_EXPLN,CD_VL,SYS_CD_YN,USE_YN,DEL_YN,SORT_ORD,RGTR_ID,REG_DT,MDFR_ID,MDFCN_DT) values('LPIT_DATETIME_FMT', 'yyyyMMdd' , '1' , '20101010' , 'yyyyMMdd' , null , 'Y' , 'Y' , 'N' , '6' , '2' , '20240319113100' , '2' , '20240319113100');


INSERT INTO PLT_COMM_CD(GROUP_CD_ID,CD_ID,CUSTCO_ID,CD_NM,CD_EXPLN,CD_VL,SYS_CD_YN,USE_YN,DEL_YN,SORT_ORD,RGTR_ID,REG_DT,MDFR_ID,MDFCN_DT) VALUES('*', 'LOCALE', '1', '언어셋', '언어셋', NULL, 'Y', 'Y', 'N', '123', '2', '20240319113100', '2', '20240319113100');
INSERT INTO PLT_COMM_CD(GROUP_CD_ID,CD_ID,CUSTCO_ID,CD_NM,CD_EXPLN,CD_VL,SYS_CD_YN,USE_YN,DEL_YN,SORT_ORD,RGTR_ID,REG_DT,MDFR_ID,MDFCN_DT) VALUES('LOCALE', 'ko', '1', '한국어', '한국어', NULL, 'Y', 'Y', 'N', '1', '2', '20240319113100', '2', '20240319113100');
INSERT INTO PLT_COMM_CD(GROUP_CD_ID,CD_ID,CUSTCO_ID,CD_NM,CD_EXPLN,CD_VL,SYS_CD_YN,USE_YN,DEL_YN,SORT_ORD,RGTR_ID,REG_DT,MDFR_ID,MDFCN_DT) VALUES('LOCALE', 'en', '1', 'English', 'English', NULL, 'Y', 'Y', 'N', '2', '2', '20240319113100', '2', '20240319113100');

INSERT INTO PLT_COMM_CD(GROUP_CD_ID,CD_ID,CUSTCO_ID,CD_NM,CD_EXPLN,CD_VL,SYS_CD_YN,USE_YN,DEL_YN,SORT_ORD,RGTR_ID,REG_DT,MDFR_ID,MDFCN_DT) VALUES('*', 'DATE_FORMAT', '1', '날짜 포멧', '날짜 포멧', NULL, 'Y', 'Y', 'N', '124', '2', '20240319113100', '2', '20240319113100');
INSERT INTO PLT_COMM_CD(GROUP_CD_ID,CD_ID,CUSTCO_ID,CD_NM,CD_EXPLN,CD_VL,SYS_CD_YN,USE_YN,DEL_YN,SORT_ORD,RGTR_ID,REG_DT,MDFR_ID,MDFCN_DT) VALUES('DATE_FORMAT', 'YYYYMMDD', '1', 'YYYYMMDD', 'YYYYMMDD', NULL, 'Y', 'Y', 'N', '1', '2', '20240319113100', '2', '20240319113100');
INSERT INTO PLT_COMM_CD(GROUP_CD_ID,CD_ID,CUSTCO_ID,CD_NM,CD_EXPLN,CD_VL,SYS_CD_YN,USE_YN,DEL_YN,SORT_ORD,RGTR_ID,REG_DT,MDFR_ID,MDFCN_DT) VALUES('DATE_FORMAT', 'MMDDYYYY', '1', 'MMDDYYYY', 'MMDDYYYY', NULL, 'Y', 'Y', 'N', '2', '2', '20240319113100', '2', '20240319113100');
INSERT INTO PLT_COMM_CD(GROUP_CD_ID,CD_ID,CUSTCO_ID,CD_NM,CD_EXPLN,CD_VL,SYS_CD_YN,USE_YN,DEL_YN,SORT_ORD,RGTR_ID,REG_DT,MDFR_ID,MDFCN_DT) VALUES('DATE_FORMAT', 'DDMMYYYY', '1', 'DDMMYYYY', 'DDMMYYYY', NULL, 'Y', 'Y', 'N', '3', '2', '20240319113100', '2', '20240319113100');

INSERT INTO PLT_COMM_CD(GROUP_CD_ID,CD_ID,CUSTCO_ID,CD_NM,CD_EXPLN,CD_VL,SYS_CD_YN,USE_YN,DEL_YN,SORT_ORD,RGTR_ID,REG_DT,MDFR_ID,MDFCN_DT) VALUES('*', 'YMD_SE', '1', '날짜 구분 기호', '날짜 구분 기호', NULL, 'Y', 'Y', 'N', '125', '2', '20240319113100', '2', '20240319113100');
INSERT INTO PLT_COMM_CD(GROUP_CD_ID,CD_ID,CUSTCO_ID,CD_NM,CD_EXPLN,CD_VL,SYS_CD_YN,USE_YN,DEL_YN,SORT_ORD,RGTR_ID,REG_DT,MDFR_ID,MDFCN_DT) VALUES('YMD_SE', 'DASH', '1', '-', 'DASH', NULL, 'Y', 'Y', 'N', '1', '2', '20240319113100', '2', '20240319113100');
INSERT INTO PLT_COMM_CD(GROUP_CD_ID,CD_ID,CUSTCO_ID,CD_NM,CD_EXPLN,CD_VL,SYS_CD_YN,USE_YN,DEL_YN,SORT_ORD,RGTR_ID,REG_DT,MDFR_ID,MDFCN_DT) VALUES('YMD_SE', 'SLASH', '1', '/', 'SLASH', NULL, 'Y', 'Y', 'N', '2', '2', '20240319113100', '2', '20240319113100');
INSERT INTO PLT_COMM_CD(GROUP_CD_ID,CD_ID,CUSTCO_ID,CD_NM,CD_EXPLN,CD_VL,SYS_CD_YN,USE_YN,DEL_YN,SORT_ORD,RGTR_ID,REG_DT,MDFR_ID,MDFCN_DT) VALUES('YMD_SE', 'PERIOD', '1', ',', 'PERIOD', NULL, 'Y', 'Y', 'N', '3', '2', '20240319113100', '2', '20240319113100');
INSERT INTO PLT_COMM_CD(GROUP_CD_ID,CD_ID,CUSTCO_ID,CD_NM,CD_EXPLN,CD_VL,SYS_CD_YN,USE_YN,DEL_YN,SORT_ORD,RGTR_ID,REG_DT,MDFR_ID,MDFCN_DT) VALUES('YMD_SE', 'COMMA', '1', '.', 'COMMA', NULL, 'Y', 'Y', 'N', '4', '2', '20240319113100', '2', '20240319113100');

INSERT INTO PLT_COMM_CD(GROUP_CD_ID,CD_ID,CUSTCO_ID,CD_NM,CD_EXPLN,CD_VL,SYS_CD_YN,USE_YN,DEL_YN,SORT_ORD,RGTR_ID,REG_DT,MDFR_ID,MDFCN_DT) VALUES('*', 'OMNI_PROV_CO', '1', 'OmniOne 인증 기관', 'OmniOne 인증 기관', NULL, 'Y', 'Y', 'N', '126', '2', '20240319113100', '2', '20240319113100');
INSERT INTO PLT_COMM_CD(GROUP_CD_ID,CD_ID,CUSTCO_ID,CD_NM,CD_EXPLN,CD_VL,SYS_CD_YN,USE_YN,DEL_YN,SORT_ORD,RGTR_ID,REG_DT,MDFR_ID,MDFCN_DT) VALUES('OMNI_PROV_CO', 'cokakao_100101', '1', '카카오', '카카오', NULL, 'Y', 'Y', 'N', '1', '2', '20240319113100', '2', '20240319113100');
INSERT INTO PLT_COMM_CD(GROUP_CD_ID,CD_ID,CUSTCO_ID,CD_NM,CD_EXPLN,CD_VL,SYS_CD_YN,USE_YN,DEL_YN,SORT_ORD,RGTR_ID,REG_DT,MDFR_ID,MDFCN_DT) VALUES('OMNI_PROV_CO', 'conaver_100101', '1', '네이버', '네이버', NULL, 'Y', 'Y', 'N', '2', '2', '20240319113100', '2', '20240319113100');
INSERT INTO PLT_COMM_CD(GROUP_CD_ID,CD_ID,CUSTCO_ID,CD_NM,CD_EXPLN,CD_VL,SYS_CD_YN,USE_YN,DEL_YN,SORT_ORD,RGTR_ID,REG_DT,MDFR_ID,MDFCN_DT) VALUES('OMNI_PROV_CO', 'cohana_100101', '1', '하나인증서', '하나인증서', NULL, 'Y', 'Y', 'N', '3', '2', '20240319113100', '2', '20240319113100');
INSERT INTO PLT_COMM_CD(GROUP_CD_ID,CD_ID,CUSTCO_ID,CD_NM,CD_EXPLN,CD_VL,SYS_CD_YN,USE_YN,DEL_YN,SORT_ORD,RGTR_ID,REG_DT,MDFR_ID,MDFCN_DT) VALUES('OMNI_PROV_CO', 'copayco_100101', '1', '페이코', '페이코', NULL, 'Y', 'Y', 'N', '4', '2', '20240319113100', '2', '20240319113100');
INSERT INTO PLT_COMM_CD(GROUP_CD_ID,CD_ID,CUSTCO_ID,CD_NM,CD_EXPLN,CD_VL,SYS_CD_YN,USE_YN,DEL_YN,SORT_ORD,RGTR_ID,REG_DT,MDFR_ID,MDFCN_DT) VALUES('OMNI_PROV_CO', 'cokica_100101', '1', '삼성패스', '삼성패스', NULL, 'Y', 'Y', 'N', '5', '2', '20240319113100', '2', '20240319113100');
INSERT INTO PLT_COMM_CD(GROUP_CD_ID,CD_ID,CUSTCO_ID,CD_NM,CD_EXPLN,CD_VL,SYS_CD_YN,USE_YN,DEL_YN,SORT_ORD,RGTR_ID,REG_DT,MDFR_ID,MDFCN_DT) VALUES('OMNI_PROV_CO', 'cotoss-esign_100101', '1', '토스', '토스', NULL, 'Y', 'Y', 'N', '6', '2', '20240319113100', '2', '20240319113100');
INSERT INTO PLT_COMM_CD(GROUP_CD_ID,CD_ID,CUSTCO_ID,CD_NM,CD_EXPLN,CD_VL,SYS_CD_YN,USE_YN,DEL_YN,SORT_ORD,RGTR_ID,REG_DT,MDFR_ID,MDFCN_DT) VALUES('OMNI_PROV_CO', 'coshinhan_100101', '1', '신한인증서', '신한인증서', NULL, 'Y', 'Y', 'N', '7', '2', '20240319113100', '2', '20240319113100');
INSERT INTO PLT_COMM_CD(GROUP_CD_ID,CD_ID,CUSTCO_ID,CD_NM,CD_EXPLN,CD_VL,SYS_CD_YN,USE_YN,DEL_YN,SORT_ORD,RGTR_ID,REG_DT,MDFR_ID,MDFCN_DT) VALUES('OMNI_PROV_CO', 'cokb_100101', '1', '국민인증서', '국민인증서', NULL, 'Y', 'Y', 'N', '8', '2', '20240319113100', '2', '20240319113100');
INSERT INTO PLT_COMM_CD(GROUP_CD_ID,CD_ID,CUSTCO_ID,CD_NM,CD_EXPLN,CD_VL,SYS_CD_YN,USE_YN,DEL_YN,SORT_ORD,RGTR_ID,REG_DT,MDFR_ID,MDFCN_DT) VALUES('OMNI_PROV_CO', 'mdl_100101', '1', '운전면허증', '운전면허증', NULL, 'Y', 'Y', 'N', '9', '2', '20240319113100', '2', '20240319113100');
INSERT INTO PLT_COMM_CD(GROUP_CD_ID,CD_ID,CUSTCO_ID,CD_NM,CD_EXPLN,CD_VL,SYS_CD_YN,USE_YN,DEL_YN,SORT_ORD,RGTR_ID,REG_DT,MDFR_ID,MDFCN_DT) VALUES('OMNI_PROV_CO', 'conh_100101', '1', 'NH인증서', 'NH인증서', NULL, 'Y', 'Y', 'N', '10', '2', '20240319113100', '2', '20240319113100');
INSERT INTO PLT_COMM_CD(GROUP_CD_ID,CD_ID,CUSTCO_ID,CD_NM,CD_EXPLN,CD_VL,SYS_CD_YN,USE_YN,DEL_YN,SORT_ORD,RGTR_ID,REG_DT,MDFR_ID,MDFCN_DT) VALUES('OMNI_PROV_CO', 'cobanksalad_100101', '1', '뱅크샐러드', '뱅크샐러드', NULL, 'Y', 'Y', 'N', '11', '2', '20240319113100', '2', '20240319113100');
INSERT INTO PLT_COMM_CD(GROUP_CD_ID,CD_ID,CUSTCO_ID,CD_NM,CD_EXPLN,CD_VL,SYS_CD_YN,USE_YN,DEL_YN,SORT_ORD,RGTR_ID,REG_DT,MDFR_ID,MDFCN_DT) VALUES('OMNI_PROV_CO', 'cowoori_100101', '1', '우리인증서', '우리인증서', NULL, 'Y', 'Y', 'N', '12', '2', '20240319113100', '2', '20240319113100');
INSERT INTO PLT_COMM_CD(GROUP_CD_ID,CD_ID,CUSTCO_ID,CD_NM,CD_EXPLN,CD_VL,SYS_CD_YN,USE_YN,DEL_YN,SORT_ORD,RGTR_ID,REG_DT,MDFR_ID,MDFCN_DT) VALUES('OMNI_PROV_CO', 'copass_100101', '1', '통신사PASS', '통신사PASS', NULL, 'Y', 'Y', 'N', '13', '2', '20240319113100', '2', '20240319113100');
INSERT INTO PLT_COMM_CD(GROUP_CD_ID,CD_ID,CUSTCO_ID,CD_NM,CD_EXPLN,CD_VL,SYS_CD_YN,USE_YN,DEL_YN,SORT_ORD,RGTR_ID,REG_DT,MDFR_ID,MDFCN_DT) VALUES('OMNI_PROV_CO', 'cokakaobank_100101', '1', '카카오뱅크', '카카오뱅크', NULL, 'Y', 'Y', 'N', '14', '2', '20240319113100', '2', '20240319113100');




/* 조직 - admin */
INSERT INTO plt_ognz (dept_id, dept_nm, up_dept_id, dept_se_cd, asp_cust_key, dept_crt_ymd, dept_abl_ymd, scrn_indct_yn, bldg_pstn, bldg_nm, udgd_yn, bldg_nofl, ofc_no, use_yn, del_yn, sort_ord, rgtr_id, reg_dt, mdfr_id, mdfcn_dt, custco_id) VALUES(1, '임원실', NULL, 'DEPT', NULL, '20230428', '29990428', 'Y', '서울시 가산동', '디폴리스', 'N', 4, '431', 'Y', 'N', 1, 1, '20230725100000', 1, '20230725100000', 1);
INSERT INTO plt_ognz (dept_id, dept_nm, up_dept_id, dept_se_cd, asp_cust_key, dept_crt_ymd, dept_abl_ymd, scrn_indct_yn, bldg_pstn, bldg_nm, udgd_yn, bldg_nofl, ofc_no, use_yn, del_yn, sort_ord, rgtr_id, reg_dt, mdfr_id, mdfcn_dt, custco_id) VALUES(2, '경영관리부문', NULL, 'DEPT', NULL, '20230428', '29990428', 'Y', '서울시 가산동', '디폴리스', 'N', 4, '431', 'Y', 'N', 2, 1, '20230725100000', 1, '20230725100000', 1);
INSERT INTO plt_ognz (dept_id, dept_nm, up_dept_id, dept_se_cd, asp_cust_key, dept_crt_ymd, dept_abl_ymd, scrn_indct_yn, bldg_pstn, bldg_nm, udgd_yn, bldg_nofl, ofc_no, use_yn, del_yn, sort_ord, rgtr_id, reg_dt, mdfr_id, mdfcn_dt, custco_id) VALUES(3, '경영관리실', 2, 'DEPT', NULL, '20230428', '29990428', 'Y', '서울시 가산동', '디폴리스', 'N', 4, '431', 'Y', 'N', 1, 1, '20230725100000', 1, '20230725100000', 1);
INSERT INTO plt_ognz (dept_id, dept_nm, up_dept_id, dept_se_cd, asp_cust_key, dept_crt_ymd, dept_abl_ymd, scrn_indct_yn, bldg_pstn, bldg_nm, udgd_yn, bldg_nofl, ofc_no, use_yn, del_yn, sort_ord, rgtr_id, reg_dt, mdfr_id, mdfcn_dt, custco_id) VALUES(4, '연구소', NULL, 'DEPT', NULL, '20230428', '29990428', 'Y', '서울시 가산동', '디폴리스', 'N', 4, '431', 'Y', 'N', 3, 1, '20230725100000', 1, '20230725100000', 1);
INSERT INTO plt_ognz (dept_id, dept_nm, up_dept_id, dept_se_cd, asp_cust_key, dept_crt_ymd, dept_abl_ymd, scrn_indct_yn, bldg_pstn, bldg_nm, udgd_yn, bldg_nofl, ofc_no, use_yn, del_yn, sort_ord, rgtr_id, reg_dt, mdfr_id, mdfcn_dt, custco_id) VALUES(5, '연구소 1팀', 4, 'DEPT', NULL, '20230428', '29990428', 'Y', '서울시 가산동', '디폴리스', 'N', 4, '431', 'Y', 'N', 1, 1, '20230725100000', 1, '20230725100000', 1);
INSERT INTO plt_ognz (dept_id, dept_nm, up_dept_id, dept_se_cd, asp_cust_key, dept_crt_ymd, dept_abl_ymd, scrn_indct_yn, bldg_pstn, bldg_nm, udgd_yn, bldg_nofl, ofc_no, use_yn, del_yn, sort_ord, rgtr_id, reg_dt, mdfr_id, mdfcn_dt, custco_id) VALUES(6, '연구소 2팀', 4, 'DEPT', NULL, '20230428', '29990428', 'Y', '서울시 가산동', '디폴리스', 'N', 4, '431', 'Y', 'N', 2, 1, '20230725100000', 1, '20230725100000', 1);
INSERT INTO plt_ognz (dept_id, dept_nm, up_dept_id, dept_se_cd, asp_cust_key, dept_crt_ymd, dept_abl_ymd, scrn_indct_yn, bldg_pstn, bldg_nm, udgd_yn, bldg_nofl, ofc_no, use_yn, del_yn, sort_ord, rgtr_id, reg_dt, mdfr_id, mdfcn_dt, custco_id) VALUES(7, 'ICT사업부문', NULL, 'DEPT', NULL, '20230428', '29990428', 'Y', '서울시 가산동', '디폴리스', 'N', 4, '431', 'Y', 'N', 4, 1, '20230725100000', 1, '20230725100000', 1);
INSERT INTO plt_ognz (dept_id, dept_nm, up_dept_id, dept_se_cd, asp_cust_key, dept_crt_ymd, dept_abl_ymd, scrn_indct_yn, bldg_pstn, bldg_nm, udgd_yn, bldg_nofl, ofc_no, use_yn, del_yn, sort_ord, rgtr_id, reg_dt, mdfr_id, mdfcn_dt, custco_id) VALUES(8, '기술영업본부', 7, 'DEPT', NULL, '20230428', '29990428', 'Y', '서울시 가산동', '디폴리스', 'N', 4, '431', 'Y', 'N', 1, 1, '20230725100000', 1, '20230725100000', 1);
INSERT INTO plt_ognz (dept_id, dept_nm, up_dept_id, dept_se_cd, asp_cust_key, dept_crt_ymd, dept_abl_ymd, scrn_indct_yn, bldg_pstn, bldg_nm, udgd_yn, bldg_nofl, ofc_no, use_yn, del_yn, sort_ord, rgtr_id, reg_dt, mdfr_id, mdfcn_dt, custco_id) VALUES(9, '기술영업 1팀', 8, 'DEPT', NULL, '20230428', '29990428', 'Y', '서울시 가산동', '디폴리스', 'N', 4, '431', 'Y', 'N', 1, 1, '20230725100000', 1, '20230725100000', 1);
INSERT INTO plt_ognz (dept_id, dept_nm, up_dept_id, dept_se_cd, asp_cust_key, dept_crt_ymd, dept_abl_ymd, scrn_indct_yn, bldg_pstn, bldg_nm, udgd_yn, bldg_nofl, ofc_no, use_yn, del_yn, sort_ord, rgtr_id, reg_dt, mdfr_id, mdfcn_dt, custco_id) VALUES(10, '기술영업 2팀', 8, 'DEPT', NULL, '20230428', '29990428', 'Y', '서울시 가산동', '디폴리스', 'N', 4, '431', 'Y', 'N', 2, 1, '20230725100000', 1, '20230725100000', 1);
INSERT INTO plt_ognz (dept_id, dept_nm, up_dept_id, dept_se_cd, asp_cust_key, dept_crt_ymd, dept_abl_ymd, scrn_indct_yn, bldg_pstn, bldg_nm, udgd_yn, bldg_nofl, ofc_no, use_yn, del_yn, sort_ord, rgtr_id, reg_dt, mdfr_id, mdfcn_dt, custco_id) VALUES(11, '기술영업 3팀', 8, 'DEPT', NULL, '20230428', '29990428', 'Y', '서울시 가산동', '디폴리스', 'N', 4, '431', 'Y', 'N', 3, 1, '20230725100000', 1, '20230725100000', 1);
INSERT INTO plt_ognz (dept_id, dept_nm, up_dept_id, dept_se_cd, asp_cust_key, dept_crt_ymd, dept_abl_ymd, scrn_indct_yn, bldg_pstn, bldg_nm, udgd_yn, bldg_nofl, ofc_no, use_yn, del_yn, sort_ord, rgtr_id, reg_dt, mdfr_id, mdfcn_dt, custco_id) VALUES(12, '팔레트사업본부', 7, 'DEPT', NULL, '20230428', '29990428', 'Y', '서울시 가산동', '디폴리스', 'N', 4, '431', 'Y', 'N', 2, 1, '20230725100000', 1, '20230725100000', 1);
INSERT INTO plt_ognz (dept_id, dept_nm, up_dept_id, dept_se_cd, asp_cust_key, dept_crt_ymd, dept_abl_ymd, scrn_indct_yn, bldg_pstn, bldg_nm, udgd_yn, bldg_nofl, ofc_no, use_yn, del_yn, sort_ord, rgtr_id, reg_dt, mdfr_id, mdfcn_dt, custco_id) VALUES(13, '팔레트사업실', 12, 'DEPT', NULL, '20230428', '29990428', 'Y', '서울시 가산동', '디폴리스', 'N', 4, '431', 'Y', 'N', 1, 1, '20230725100000', 1, '20230725100000', 1);
INSERT INTO plt_ognz (dept_id, dept_nm, up_dept_id, dept_se_cd, asp_cust_key, dept_crt_ymd, dept_abl_ymd, scrn_indct_yn, bldg_pstn, bldg_nm, udgd_yn, bldg_nofl, ofc_no, use_yn, del_yn, sort_ord, rgtr_id, reg_dt, mdfr_id, mdfcn_dt, custco_id) VALUES(14, '아키텍트팀', 12, 'DEPT', NULL, '20230428', '29990428', 'Y', '서울시 가산동', '디폴리스', 'N', 4, '431', 'Y', 'N', 2, 1, '20230725100000', 1, '20230725100000', 1);
INSERT INTO plt_ognz (dept_id, dept_nm, up_dept_id, dept_se_cd, asp_cust_key, dept_crt_ymd, dept_abl_ymd, scrn_indct_yn, bldg_pstn, bldg_nm, udgd_yn, bldg_nofl, ofc_no, use_yn, del_yn, sort_ord, rgtr_id, reg_dt, mdfr_id, mdfcn_dt, custco_id) VALUES(15, '팔레트서비스팀', 12, 'DEPT', NULL, '20230428', '29990428', 'Y', '서울시 가산동', '디폴리스', 'N', 4, '431', 'Y', 'N', 3, 1, '20230725100000', 1, '20230725100000', 1);
INSERT INTO plt_ognz (dept_id, dept_nm, up_dept_id, dept_se_cd, asp_cust_key, dept_crt_ymd, dept_abl_ymd, scrn_indct_yn, bldg_pstn, bldg_nm, udgd_yn, bldg_nofl, ofc_no, use_yn, del_yn, sort_ord, rgtr_id, reg_dt, mdfr_id, mdfcn_dt, custco_id) VALUES(16, '플랫폼개발실', 12, 'DEPT', NULL, '20230428', '29990428', 'Y', '서울시 가산동', '디폴리스', 'N', 4, '431', 'Y', 'N', 4, 1, '20230725100000', 1, '20230725100000', 1);
INSERT INTO plt_ognz (dept_id, dept_nm, up_dept_id, dept_se_cd, asp_cust_key, dept_crt_ymd, dept_abl_ymd, scrn_indct_yn, bldg_pstn, bldg_nm, udgd_yn, bldg_nofl, ofc_no, use_yn, del_yn, sort_ord, rgtr_id, reg_dt, mdfr_id, mdfcn_dt, custco_id) VALUES(17, '사업지원실', 12, 'DEPT', NULL, '20230428', '29990428', 'Y', '서울시 가산동', '디폴리스', 'N', 4, '431', 'Y', 'N', 5, 1, '20230725100000', 1, '20230725100000', 1);
INSERT INTO plt_ognz (dept_id, dept_nm, up_dept_id, dept_se_cd, asp_cust_key, dept_crt_ymd, dept_abl_ymd, scrn_indct_yn, bldg_pstn, bldg_nm, udgd_yn, bldg_nofl, ofc_no, use_yn, del_yn, sort_ord, rgtr_id, reg_dt, mdfr_id, mdfcn_dt, custco_id) VALUES(18, '공공정책사업부문', NULL, 'DEPT', NULL, '20230428', '29990428', 'Y', '서울시 가산동', '디폴리스', 'N', 4, '431', 'Y', 'N', 5, 1, '20230725100000', 1, '20230725100000', 1);
INSERT INTO plt_ognz (dept_id, dept_nm, up_dept_id, dept_se_cd, asp_cust_key, dept_crt_ymd, dept_abl_ymd, scrn_indct_yn, bldg_pstn, bldg_nm, udgd_yn, bldg_nofl, ofc_no, use_yn, del_yn, sort_ord, rgtr_id, reg_dt, mdfr_id, mdfcn_dt, custco_id) VALUES(19, '공공정책사업실', 18, 'DEPT', NULL, '20230428', '29990428', 'Y', '서울시 가산동', '디폴리스', 'N', 4, '431', 'Y', 'N', 1, 1, '20230725100000', 1, '20230725100000', 1);
INSERT INTO plt_ognz (dept_id, dept_nm, up_dept_id, dept_se_cd, asp_cust_key, dept_crt_ymd, dept_abl_ymd, scrn_indct_yn, bldg_pstn, bldg_nm, udgd_yn, bldg_nofl, ofc_no, use_yn, del_yn, sort_ord, rgtr_id, reg_dt, mdfr_id, mdfcn_dt, custco_id) VALUES(20, 'DCM사업본부', NULL, 'DEPT', NULL, '20230428', '29990428', 'Y', '서울시 가산동', '디폴리스', 'N', 4, '431', 'Y', 'N', 6, 1, '20230725100000', 1, '20230725100000', 1);
INSERT INTO plt_ognz (dept_id, dept_nm, up_dept_id, dept_se_cd, asp_cust_key, dept_crt_ymd, dept_abl_ymd, scrn_indct_yn, bldg_pstn, bldg_nm, udgd_yn, bldg_nofl, ofc_no, use_yn, del_yn, sort_ord, rgtr_id, reg_dt, mdfr_id, mdfcn_dt, custco_id) VALUES(21, 'Products 관리부문', NULL, 'DEPT', NULL, '20230428', '29990428', 'Y', '서울시 가산동', '디폴리스', 'N', 4, '431', 'Y', 'N', 7, 1, '20230725100000', 1, '20230725100000', 1);
INSERT INTO plt_ognz (dept_id, dept_nm, up_dept_id, dept_se_cd, asp_cust_key, dept_crt_ymd, dept_abl_ymd, scrn_indct_yn, bldg_pstn, bldg_nm, udgd_yn, bldg_nofl, ofc_no, use_yn, del_yn, sort_ord, rgtr_id, reg_dt, mdfr_id, mdfcn_dt, custco_id) VALUES(22, 'KPP부서', NULL, 'DEPT', NULL, '20230428', '29990428', 'Y', '서울시 가산동', '디폴리스', 'N', 4, '431', 'Y', 'N', 1, 1, '20230725100000', 1, '20230725100000', 1);
INSERT INTO plt_ognz (dept_id, dept_nm, up_dept_id, dept_se_cd, asp_cust_key, dept_crt_ymd, dept_abl_ymd, scrn_indct_yn, bldg_pstn, bldg_nm, udgd_yn, bldg_nofl, ofc_no, use_yn, del_yn, sort_ord, rgtr_id, reg_dt, mdfr_id, mdfcn_dt, custco_id) VALUES(23, 'KPP하위부서', 22, 'DEPT', NULL, '20230428', '29990428', 'Y', '서울시 가산동', '월드벤처', 'N', 6, '611', 'Y', 'N', 1, 1, '20230725100000', 1, '20230725100000', 1);
INSERT INTO plt_ognz (dept_id, dept_nm, up_dept_id, dept_se_cd, asp_cust_key, dept_crt_ymd, dept_abl_ymd, scrn_indct_yn, bldg_pstn, bldg_nm, udgd_yn, bldg_nofl, ofc_no, use_yn, del_yn, sort_ord, rgtr_id, reg_dt, mdfr_id, mdfcn_dt, custco_id) VALUES(24, 'ORANGE부서2', NULL, 'DEPT', NULL, '20230428', '29990428', 'Y', '서울시 가산동', '디폴리스', 'N', 4, '431', 'Y', 'N', 1, 1, '20230725100000', 1, '20230725100000', 1);
INSERT INTO plt_ognz (dept_id, dept_nm, up_dept_id, dept_se_cd, asp_cust_key, dept_crt_ymd, dept_abl_ymd, scrn_indct_yn, bldg_pstn, bldg_nm, udgd_yn, bldg_nofl, ofc_no, use_yn, del_yn, sort_ord, rgtr_id, reg_dt, mdfr_id, mdfcn_dt, custco_id) VALUES(25, 'SI부서3', NULL, 'DEPT', NULL, '20230428', '29990428', 'Y', '서울시 가산동', '디폴리스', 'N', 4, '431', 'Y', 'N', 1, 1, '20230725100000', 1, '20230725100000', 1);
INSERT INTO plt_ognz (dept_id, dept_nm, up_dept_id, dept_se_cd, asp_cust_key, dept_crt_ymd, dept_abl_ymd, scrn_indct_yn, bldg_pstn, bldg_nm, udgd_yn, bldg_nofl, ofc_no, use_yn, del_yn, sort_ord, rgtr_id, reg_dt, mdfr_id, mdfcn_dt, custco_id) VALUES(26, 'SE부서4', NULL, 'DEPT', NULL, '20230428', '29990428', 'Y', '서울시 가산동', '디폴리스', 'N', 4, '431', 'Y', 'N', 1, 1, '20230725100000', 1, '20230725100000', 1);
INSERT INTO plt_ognz (dept_id, dept_nm, up_dept_id, dept_se_cd, asp_cust_key, dept_crt_ymd, dept_abl_ymd, scrn_indct_yn, bldg_pstn, bldg_nm, udgd_yn, bldg_nofl, ofc_no, use_yn, del_yn, sort_ord, rgtr_id, reg_dt, mdfr_id, mdfcn_dt, custco_id) VALUES(27, 'SE부서5', 26, 'DEPT', NULL, '20230428', '29990428', 'Y', '서울시 가산동', '월드벤처', 'N', 6, '611', 'Y', 'N', 1, 1, '20230725100000', 1, '20230725100000', 1);
INSERT INTO plt_tbl_seq (col_id, seq_vl) VALUES('DEPT_ID', (SELECT MAX(DEPT_ID)+1 FROM plt_ognz));


/* 사용자 - admin 계정 관련 (system:teletest1!, dcm:kpp0000!, ipcc:ipcc000!) */
INSERT INTO plt_user (user_id, lgn_id, user_nm, user_nnm, pswd, cntn_ip, prst_lgn_yn, pswd_fail_cnt, brdt, mbl_phn_no, eml, solar_se_cd, jncmp_ymd, rsgntn_ymd, user_se_cd, user_stts_cd, jbttl_cd, use_yn, pswd_mdfcn_dt, pswd_stts, user_cert_yn, pswd_encpt_cd, top_msg, icon, clbk_yn, rgtr_id, reg_dt, mdfr_id, mdfcn_dt) VALUES(1, 'system', '시스템', '시스템', 'b+8AYneH9aAkQk3N7kGJQ/zG2qrQA/Gk/gbQ836MhUxupqndoORZ0FxzwPHVgnJXn1lzocfQdWTg7IsaFWMZJ/K4vlXhaboKMMWWTH1PIMs=', '192.168.101.180', 'Y', 0, '', '', '', 'SOLAR0', '20210705', NULL, 'USER0', 'WORK', 'JBTTL0', 'Y', '20230905110921', 'NORMAL', 'Y', '/+daDNZioyt9gBdhokC/WaJCZWsDNjgEfsj7e5ORPzIZpSTWSRutGxbDyiNUcV1R', '상단메시지 미사용', 'f04', 'Y', 1, '20230725100000', 2, '20230904101438');
INSERT INTO plt_user (user_id, lgn_id, user_nm, user_nnm, pswd, cntn_ip, prst_lgn_yn, pswd_fail_cnt, brdt, mbl_phn_no, eml, solar_se_cd, jncmp_ymd, rsgntn_ymd, user_se_cd, user_stts_cd, jbttl_cd, use_yn, pswd_mdfcn_dt, pswd_stts, user_cert_yn, pswd_encpt_cd, top_msg, icon, clbk_yn, rgtr_id, reg_dt, mdfr_id, mdfcn_dt) VALUES(2, 'dcm', 'DCM 관리자', 'DCM 관리자', 'kC13leyi3EhOehm2znZGz+JTpft6m0SO6AdUM4mkNuimFYkL5R7svDGn2FsmGMoDYV0/1FntwDdL7uNtTBicx6Y1dXXd5p1wtOwnBAa9Qdw=', '192.168.101.180', 'Y', 0, '', '', '', 'SOLAR0', '20210705', NULL, 'USER0', 'WORK', 'JBTTL0', 'Y', '20230905110921', 'NORMAL', 'Y', 'fVSuonGvOyA3RnsRJ+Vhih4XC+z+CbT04yzwxqkB2VBM3OYg8WUI0EfPW28XNsFf', '상단메시지 미사용', 'f04', 'Y', 1, '20230725100000', 2, '20230904101438');
INSERT INTO plt_user (user_id, lgn_id, user_nm, user_nnm, pswd, cntn_ip, prst_lgn_yn, pswd_fail_cnt, brdt, mbl_phn_no, eml, solar_se_cd, jncmp_ymd, rsgntn_ymd, user_se_cd, user_stts_cd, jbttl_cd, use_yn, pswd_mdfcn_dt, pswd_stts, user_cert_yn, pswd_encpt_cd, top_msg, icon, clbk_yn, rgtr_id, reg_dt, mdfr_id, mdfcn_dt) VALUES(3, 'ipcc', 'IPCC 관리자', 'IPCC 관리자', 'C+sPayckY5tVco+41B3Ep5rWBUzkEPiQ2hJK5xbVkbXYOV5jwBJPCKgTHIrdSzTD3G2RXAVOqgVWJMKV0/4yeQ8+WwHgK1eaUGGWBgyLoyA=', '192.168.101.180', 'Y', 0, '', '', '', 'SOLAR0', '20210705', NULL, 'USER0', 'WORK', 'JBTTL0', 'Y', '20230905110921', 'NORMAL', 'Y', 'ISi47qYp/FY9EK9WgA5L+5cvqhllqy/qxgZQOSoQMheQLOjRLOrVU4M2PoLHK5Eu', '상단메시지 미사용', 'f04', 'Y', 1, '20230725100000', 2, '20230904101438');
INSERT INTO plt_tbl_seq (col_id, seq_vl) VALUES('USER_ID', (SELECT MAX(USER_ID)+1 FROM PLT_USER));

/* 사용자_권한 - admin 계정 관련 */
INSERT INTO plt_user_authrt (authrt_group_id, user_id, rgtr_id, reg_dt, mdfr_id, mdfcn_dt) VALUES(1, 1, 1, '20230725100000', 1, '20230725100000');
INSERT INTO plt_user_authrt (authrt_group_id, user_id, rgtr_id, reg_dt, mdfr_id, mdfcn_dt) VALUES(1, 2, 1, '20230725100000', 1, '20230725100000');
INSERT INTO plt_user_authrt (authrt_group_id, user_id, rgtr_id, reg_dt, mdfr_id, mdfcn_dt) VALUES(1, 3, 1, '20230725100000', 1, '20230725100000');

/* 사용자_조직 - admin 계정 관련 */
INSERT INTO plt_user_ognz (user_id, dept_id, use_yn, sort_ord, rgtr_id, reg_dt, mdfr_id, mdfcn_dt, custco_id) VALUES(1, 16, 'Y', NULL, 1, '20230725100000', 1, '20230725100000', 1);
INSERT INTO plt_user_ognz (user_id, dept_id, use_yn, sort_ord, rgtr_id, reg_dt, mdfr_id, mdfcn_dt, custco_id) VALUES(2, 16, 'Y', NULL, 1, '20230725100000', 1, '20230725100000', 1);
INSERT INTO plt_user_ognz (user_id, dept_id, use_yn, sort_ord, rgtr_id, reg_dt, mdfr_id, mdfcn_dt, custco_id) VALUES(3, 16, 'Y', NULL, 1, '20230725100000', 1, '20230725100000', 1);

/* plt_lkag_mst 기초 데이터 */
INSERT INTO PLT_LKAG_MST (LKAG_MST_ID, MST_NM, USE_YN, DEL_YN, RGTR_ID, REG_DT, MDFR_ID, MDFCN_DT, LKAG_BEAN_ID) VALUES(1, '굿웨어몰API', 'Y', 'N', 1, '29991231000000', 1, TO_CHAR(NOW(),'YYYYMMDDHH24MISS'), 'GOODWEARMALL');
INSERT INTO PLT_LKAG_MST (LKAG_MST_ID, MST_NM, USE_YN, DEL_YN, RGTR_ID, REG_DT, MDFR_ID, MDFCN_DT, LKAG_BEAN_ID) VALUES(2, '네이버 커머스API', 'Y', 'N', 1, '29991231000000', 1, TO_CHAR(NOW(),'YYYYMMDDHH24MISS'), 'NAVER');
UPDATE PLT_TBL_SEQ SET SEQ_VL = 2 WHERE COL_ID = 'LKAG_MST_ID';

/* 굿웨어몰 응답 코드 */
INSERT INTO plt_lkag_cd_mng (lkag_group_cd_id , lkag_cd_id , lkag_cd_vl , lkag_cd_nm , expln , use_yn , del_yn , rgtr_id , reg_dt , mdfr_id , mdfcn_dt , lkag_mst_id ) VALUES('*', 'GOODWEARMALL_RESPONSE_CD', 'RESPONSE_CD', '굿웨어몰 응답코드', '굿웨어몰 응답코드', 'Y', 'N', 1, TO_CHAR(NOW(),'YYYYMMDDHH24MISS'), 1, TO_CHAR(NOW(),'YYYYMMDDHH24MISS'), 1);

INSERT INTO plt_lkag_cd_mng (lkag_group_cd_id , lkag_cd_id , lkag_cd_vl , lkag_cd_nm , expln , use_yn , del_yn , rgtr_id , reg_dt , mdfr_id , mdfcn_dt , lkag_mst_id ) VALUES('GOODWEARMALL_RESPONSE_CD', 'RESPONSE_CD_400', '400', '실패', '굿웨어몰 응답코드 실패', 'Y', 'N', 1, TO_CHAR(NOW(),'YYYYMMDDHH24MISS'), 1, TO_CHAR(NOW(),'YYYYMMDDHH24MISS'), 1);
INSERT INTO plt_lkag_cd_mng (lkag_group_cd_id , lkag_cd_id , lkag_cd_vl , lkag_cd_nm , expln , use_yn , del_yn , rgtr_id , reg_dt , mdfr_id , mdfcn_dt , lkag_mst_id ) VALUES('GOODWEARMALL_RESPONSE_CD', 'RESPONSE_CD_500', '500', '실패(API오류)', '굿웨어몰 응답코드 실패(API오류)', 'Y', 'N', 1, TO_CHAR(NOW(),'YYYYMMDDHH24MISS'), 1, TO_CHAR(NOW(),'YYYYMMDDHH24MISS'), 1);
INSERT INTO plt_lkag_cd_mng (lkag_group_cd_id , lkag_cd_id , lkag_cd_vl , lkag_cd_nm , expln , use_yn , del_yn , rgtr_id , reg_dt , mdfr_id , mdfcn_dt , lkag_mst_id ) VALUES('GOODWEARMALL_RESPONSE_CD', 'RESPONSE_CD_200', '200', '성공1', '굿웨어몰 응답코드 성공', 'Y', 'N', 1, TO_CHAR(NOW(),'YYYYMMDDHH24MISS'), 1, TO_CHAR(NOW(),'YYYYMMDDHH24MISS'), 1);

/* 굿웨어몰 클레임타입 코드 */
INSERT INTO plt_lkag_cd_mng ( lkag_group_cd_id , lkag_cd_id , lkag_mst_id , lkag_cd_vl , lkag_cd_nm , expln , use_yn , del_yn , rgtr_id , reg_dt , mdfr_id , mdfcn_dt ) VALUES( '*' , 'GWM_CLM_TP_CD' , 1 , 'CLM_TP_CD' , '굿웨어몰 클레임 타입' , '굿웨어몰 클레임 타입 코드 그룹' , 'Y' , 'N' , 1 ,  TO_CHAR(NOW(),'YYYYMMDDHH24MISS') , 1 ,  TO_CHAR(NOW(),'YYYYMMDDHH24MISS') );

INSERT INTO plt_lkag_cd_mng ( lkag_group_cd_id , lkag_cd_id , lkag_mst_id , lkag_cd_vl , lkag_cd_nm , expln , use_yn , del_yn , rgtr_id , reg_dt , mdfr_id , mdfcn_dt ) VALUES( 'GWM_CLM_TP_CD' , 'GCTC_ALL' , 1 , 'ALL' , '전체' , '굿웨어몰 클레임타입(전체취소 + 부분취소 + 교환 + 반품)' , 'Y' , 'N' , 1 ,  TO_CHAR(NOW(),'YYYYMMDDHH24MISS') , 1 ,  TO_CHAR(NOW(),'YYYYMMDDHH24MISS') );
INSERT INTO plt_lkag_cd_mng ( lkag_group_cd_id , lkag_cd_id , lkag_mst_id , lkag_cd_vl , lkag_cd_nm , expln , use_yn , del_yn , rgtr_id , reg_dt , mdfr_id , mdfcn_dt ) VALUES( 'GWM_CLM_TP_CD' , 'GCTC_ALL_CNCL' , 1 , 'ALL_CNCL' , '전체취소' , '굿웨어몰 클레임타입' , 'Y' , 'N' , 1 ,  TO_CHAR(NOW(),'YYYYMMDDHH24MISS') , 1 ,  TO_CHAR(NOW(),'YYYYMMDDHH24MISS') );
INSERT INTO plt_lkag_cd_mng ( lkag_group_cd_id , lkag_cd_id , lkag_mst_id , lkag_cd_vl , lkag_cd_nm , expln , use_yn , del_yn , rgtr_id , reg_dt , mdfr_id , mdfcn_dt ) VALUES( 'GWM_CLM_TP_CD' , 'GCTC_PART_CNCL' , 1 , 'PART_CNCL' , '부분취소' , '굿웨어몰 클레임타입' , 'Y' , 'N' , 1 ,  TO_CHAR(NOW(),'YYYYMMDDHH24MISS') , 1 ,  TO_CHAR(NOW(),'YYYYMMDDHH24MISS') );
INSERT INTO plt_lkag_cd_mng ( lkag_group_cd_id , lkag_cd_id , lkag_mst_id , lkag_cd_vl , lkag_cd_nm , expln , use_yn , del_yn , rgtr_id , reg_dt , mdfr_id , mdfcn_dt ) VALUES( 'GWM_CLM_TP_CD' , 'GCTC_GNRL_EXCHG' , 1 , 'GNRL_EXCHG' , '교환' , '굿웨어몰 클레임타입' , 'Y' , 'N' , 1 ,  TO_CHAR(NOW(),'YYYYMMDDHH24MISS') , 1 ,  TO_CHAR(NOW(),'YYYYMMDDHH24MISS') );
INSERT INTO plt_lkag_cd_mng ( lkag_group_cd_id , lkag_cd_id , lkag_mst_id , lkag_cd_vl , lkag_cd_nm , expln , use_yn , del_yn , rgtr_id , reg_dt , mdfr_id , mdfcn_dt ) VALUES( 'GWM_CLM_TP_CD' , 'GCTC_RTGOD' , 1 , 'RTGOD' , '반품' , '굿웨어몰 클레임타입' , 'Y' , 'N' , 1 ,  TO_CHAR(NOW(),'YYYYMMDDHH24MISS') , 1 ,  TO_CHAR(NOW(),'YYYYMMDDHH24MISS') );


/* 네이버 상품 주문정보 최종변경구분 코드*/
INSERT INTO plt_lkag_cd_mng ( lkag_group_cd_id , lkag_cd_id , lkag_mst_id , lkag_cd_vl , lkag_cd_nm , expln , use_yn , del_yn , rgtr_id , reg_dt , mdfr_id , mdfcn_dt ) VALUES( '*' , 'NAVER_LAST_CHANGED_TYPE' , 2 , 'LAST_CHANGED_TYPE' , '변경 상품 주문 정보 최종변경' , '네이버 변경 상품 주문 정보 최종변경 코드 그룹' , 'Y' , 'N' , 1 ,  TO_CHAR(NOW(),'YYYYMMDDHH24MISS') , 1 ,  TO_CHAR(NOW(),'YYYYMMDDHH24MISS') );

INSERT INTO plt_lkag_cd_mng ( lkag_group_cd_id , lkag_cd_id , lkag_mst_id , lkag_cd_vl , lkag_cd_nm , expln , use_yn , del_yn , rgtr_id , reg_dt , mdfr_id , mdfcn_dt ) VALUES( 'NAVER_LAST_CHANGED_TYPE' , 'NLCT_PAY_WAITING' , 2 , 'PAY_WAITING' , '결제 대기' , '네이버 변경 상품 주문 정보 최종변경' , 'Y' , 'N' , 1 ,  TO_CHAR(NOW(),'YYYYMMDDHH24MISS') , 1 ,  TO_CHAR(NOW(),'YYYYMMDDHH24MISS') );
INSERT INTO plt_lkag_cd_mng ( lkag_group_cd_id , lkag_cd_id , lkag_mst_id , lkag_cd_vl , lkag_cd_nm , expln , use_yn , del_yn , rgtr_id , reg_dt , mdfr_id , mdfcn_dt ) VALUES( 'NAVER_LAST_CHANGED_TYPE' , 'NLCT_PAYED' , 2 , 'PAYED' , '결제 완료' , '네이버 변경 상품 주문 정보 최종변경' , 'Y' , 'N' , 1 ,  TO_CHAR(NOW(),'YYYYMMDDHH24MISS') , 1 ,  TO_CHAR(NOW(),'YYYYMMDDHH24MISS') );
INSERT INTO plt_lkag_cd_mng ( lkag_group_cd_id , lkag_cd_id , lkag_mst_id , lkag_cd_vl , lkag_cd_nm , expln , use_yn , del_yn , rgtr_id , reg_dt , mdfr_id , mdfcn_dt ) VALUES( 'NAVER_LAST_CHANGED_TYPE' , 'NLCT_EXCHANGE_OPTION' , 2 , 'EXCHANGE_OPTION' , '옵션 변경' , '네이버 변경 상품 주문 정보 최종변경' , 'Y' , 'N' , 1 ,  TO_CHAR(NOW(),'YYYYMMDDHH24MISS') , 1 ,  TO_CHAR(NOW(),'YYYYMMDDHH24MISS') );
INSERT INTO plt_lkag_cd_mng ( lkag_group_cd_id , lkag_cd_id , lkag_mst_id , lkag_cd_vl , lkag_cd_nm , expln , use_yn , del_yn , rgtr_id , reg_dt , mdfr_id , mdfcn_dt ) VALUES( 'NAVER_LAST_CHANGED_TYPE' , 'NLCT_DELIVERY_ADDRESS_CHANGED' , 2 , 'DELIVERY_ADDRESS_CHANGED' , '배송지 변경' , '네이버 변경 상품 주문 정보 최종변경' , 'Y' , 'N' , 1 ,  TO_CHAR(NOW(),'YYYYMMDDHH24MISS') , 1 ,  TO_CHAR(NOW(),'YYYYMMDDHH24MISS') );
INSERT INTO plt_lkag_cd_mng ( lkag_group_cd_id , lkag_cd_id , lkag_mst_id , lkag_cd_vl , lkag_cd_nm , expln , use_yn , del_yn , rgtr_id , reg_dt , mdfr_id , mdfcn_dt ) VALUES( 'NAVER_LAST_CHANGED_TYPE' , 'NLCT_GIFT_RECEIVED' , 2 , 'GIFT_RECEIVED' , '선물 수락' , '네이버 변경 상품 주문 정보 최종변경' , 'Y' , 'N' , 1 ,  TO_CHAR(NOW(),'YYYYMMDDHH24MISS') , 1 ,  TO_CHAR(NOW(),'YYYYMMDDHH24MISS') );
INSERT INTO plt_lkag_cd_mng ( lkag_group_cd_id , lkag_cd_id , lkag_mst_id , lkag_cd_vl , lkag_cd_nm , expln , use_yn , del_yn , rgtr_id , reg_dt , mdfr_id , mdfcn_dt ) VALUES( 'NAVER_LAST_CHANGED_TYPE' , 'NLCT_CLAIM_REJECTED' , 2 , 'CLAIM_REJECTED' , '클레임 철회' , '네이버 변경 상품 주문 정보 최종변경' , 'Y' , 'N' , 1 ,  TO_CHAR(NOW(),'YYYYMMDDHH24MISS') , 1 ,  TO_CHAR(NOW(),'YYYYMMDDHH24MISS') );
INSERT INTO plt_lkag_cd_mng ( lkag_group_cd_id , lkag_cd_id , lkag_mst_id , lkag_cd_vl , lkag_cd_nm , expln , use_yn , del_yn , rgtr_id , reg_dt , mdfr_id , mdfcn_dt ) VALUES( 'NAVER_LAST_CHANGED_TYPE' , 'NLCT_DISPATCHED' , 2 , 'DISPATCHED' , '발송 처리' , '네이버 변경 상품 주문 정보 최종변경' , 'Y' , 'N' , 1 ,  TO_CHAR(NOW(),'YYYYMMDDHH24MISS') , 1 ,  TO_CHAR(NOW(),'YYYYMMDDHH24MISS') );
INSERT INTO plt_lkag_cd_mng ( lkag_group_cd_id , lkag_cd_id , lkag_mst_id , lkag_cd_vl , lkag_cd_nm , expln , use_yn , del_yn , rgtr_id , reg_dt , mdfr_id , mdfcn_dt ) VALUES( 'NAVER_LAST_CHANGED_TYPE' , 'NLCT_CLAIM_REQUESTED' , 2 , 'CLAIM_REQUESTED' , '클레임 요청' , '네이버 변경 상품 주문 정보 최종변경' , 'Y' , 'N' , 1 ,  TO_CHAR(NOW(),'YYYYMMDDHH24MISS') , 1 ,  TO_CHAR(NOW(),'YYYYMMDDHH24MISS') );
INSERT INTO plt_lkag_cd_mng ( lkag_group_cd_id , lkag_cd_id , lkag_mst_id , lkag_cd_vl , lkag_cd_nm , expln , use_yn , del_yn , rgtr_id , reg_dt , mdfr_id , mdfcn_dt ) VALUES( 'NAVER_LAST_CHANGED_TYPE' , 'NLCT_COLLECT_DONE' , 2 , 'COLLECT_DONE' , '수거 완료' , '네이버 변경 상품 주문 정보 최종변경' , 'Y' , 'N' , 1 ,  TO_CHAR(NOW(),'YYYYMMDDHH24MISS') , 1 ,  TO_CHAR(NOW(),'YYYYMMDDHH24MISS') );
INSERT INTO plt_lkag_cd_mng ( lkag_group_cd_id , lkag_cd_id , lkag_mst_id , lkag_cd_vl , lkag_cd_nm , expln , use_yn , del_yn , rgtr_id , reg_dt , mdfr_id , mdfcn_dt ) VALUES( 'NAVER_LAST_CHANGED_TYPE' , 'NLCT_CLAIM_HOLDBACK_RELEASED' , 2 , 'CLAIM_HOLDBACK_RELEASED' , '클레임 보류 해제' , '네이버 변경 상품 주문 정보 최종변경' , 'Y' , 'N' , 1 ,  TO_CHAR(NOW(),'YYYYMMDDHH24MISS') , 1 ,  TO_CHAR(NOW(),'YYYYMMDDHH24MISS') );
INSERT INTO plt_lkag_cd_mng ( lkag_group_cd_id , lkag_cd_id , lkag_mst_id , lkag_cd_vl , lkag_cd_nm , expln , use_yn , del_yn , rgtr_id , reg_dt , mdfr_id , mdfcn_dt ) VALUES( 'NAVER_LAST_CHANGED_TYPE' , 'NLCT_CLAIM_COMPLETED' , 2 , 'CLAIM_COMPLETED' , '클레임 완료' , '네이버 변경 상품 주문 정보 최종변경' , 'Y' , 'N' , 1 ,  TO_CHAR(NOW(),'YYYYMMDDHH24MISS') , 1 ,  TO_CHAR(NOW(),'YYYYMMDDHH24MISS') );
INSERT INTO plt_lkag_cd_mng ( lkag_group_cd_id , lkag_cd_id , lkag_mst_id , lkag_cd_vl , lkag_cd_nm , expln , use_yn , del_yn , rgtr_id , reg_dt , mdfr_id , mdfcn_dt ) VALUES( 'NAVER_LAST_CHANGED_TYPE' , 'NLCT_CLAIM_REDELIVERING' , 2 , 'CLAIM_REDELIVERING' , '교환 재배송처리' , '네이버 변경 상품 주문 정보 최종변경' , 'Y' , 'N' , 1 ,  TO_CHAR(NOW(),'YYYYMMDDHH24MISS') , 1 ,  TO_CHAR(NOW(),'YYYYMMDDHH24MISS') );
INSERT INTO plt_lkag_cd_mng ( lkag_group_cd_id , lkag_cd_id , lkag_mst_id , lkag_cd_vl , lkag_cd_nm , expln , use_yn , del_yn , rgtr_id , reg_dt , mdfr_id , mdfcn_dt ) VALUES( 'NAVER_LAST_CHANGED_TYPE' , 'NLCT_PURCHASE_DECIDED' , 2 , 'PURCHASE_DECIDED' , '구매 확정' , '네이버 변경 상품 주문 정보 최종변경' , 'Y' , 'N' , 1 ,  TO_CHAR(NOW(),'YYYYMMDDHH24MISS') , 1 ,  TO_CHAR(NOW(),'YYYYMMDDHH24MISS') );
INSERT INTO plt_lkag_cd_mng ( lkag_group_cd_id , lkag_cd_id , lkag_mst_id , lkag_cd_vl , lkag_cd_nm , expln , use_yn , del_yn , rgtr_id , reg_dt , mdfr_id , mdfcn_dt ) VALUES( 'NAVER_LAST_CHANGED_TYPE' , 'NLCT_HOPE_DELIVERY_INFO_CHANGED' , 2 , 'HOPE_DELIVERY_INFO_CHANGED' , '배송 희망일 변경' , '네이버 변경 상품 주문 정보 최종변경' , 'Y' , 'N' , 1 ,  TO_CHAR(NOW(),'YYYYMMDDHH24MISS') , 1 ,  TO_CHAR(NOW(),'YYYYMMDDHH24MISS') );

/* 네이버 상품주문상태 코드 */
INSERT INTO plt_lkag_cd_mng ( lkag_group_cd_id , lkag_cd_id , lkag_mst_id , lkag_cd_vl , lkag_cd_nm , expln , use_yn , del_yn , rgtr_id , reg_dt , mdfr_id , mdfcn_dt ) VALUES( '*' , 'NAVER_PRODUCT_ORDER_STATUS' , 2 , 'PRODUCT_ORDER_STATUS' , '상품 주문 상태 코드' , '네이버 상품 주문 상태 코드 그룹' , 'Y' , 'N' , 1 ,  TO_CHAR(NOW(),'YYYYMMDDHH24MISS') , 1 ,  TO_CHAR(NOW(),'YYYYMMDDHH24MISS') );

INSERT INTO plt_lkag_cd_mng ( lkag_group_cd_id , lkag_cd_id , lkag_mst_id , lkag_cd_vl , lkag_cd_nm , expln , use_yn , del_yn , rgtr_id , reg_dt , mdfr_id , mdfcn_dt ) VALUES( 'NAVER_PRODUCT_ORDER_STATUS' , 'NPOS_PAYMENT_WAITING' , 2 , 'PAYMENT_WAITING' , '결제 대기' , '네이버 상품 주문 상태' , 'Y' , 'N' , 1 ,  TO_CHAR(NOW(),'YYYYMMDDHH24MISS') , 1 ,  TO_CHAR(NOW(),'YYYYMMDDHH24MISS') );
INSERT INTO plt_lkag_cd_mng ( lkag_group_cd_id , lkag_cd_id , lkag_mst_id , lkag_cd_vl , lkag_cd_nm , expln , use_yn , del_yn , rgtr_id , reg_dt , mdfr_id , mdfcn_dt ) VALUES( 'NAVER_PRODUCT_ORDER_STATUS' , 'NPOS_PAYED' , 2 , 'PAYED' , '결제 완료' , '네이버 상품 주문 상태' , 'Y' , 'N' , 1 ,  TO_CHAR(NOW(),'YYYYMMDDHH24MISS') , 1 ,  TO_CHAR(NOW(),'YYYYMMDDHH24MISS') );
INSERT INTO plt_lkag_cd_mng ( lkag_group_cd_id , lkag_cd_id , lkag_mst_id , lkag_cd_vl , lkag_cd_nm , expln , use_yn , del_yn , rgtr_id , reg_dt , mdfr_id , mdfcn_dt ) VALUES( 'NAVER_PRODUCT_ORDER_STATUS' , 'NPOS_DELIVERING' , 2 , 'DELIVERING' , '배송 중' , '네이버 상품 주문 상태' , 'Y' , 'N' , 1 ,  TO_CHAR(NOW(),'YYYYMMDDHH24MISS') , 1 ,  TO_CHAR(NOW(),'YYYYMMDDHH24MISS') );
INSERT INTO plt_lkag_cd_mng ( lkag_group_cd_id , lkag_cd_id , lkag_mst_id , lkag_cd_vl , lkag_cd_nm , expln , use_yn , del_yn , rgtr_id , reg_dt , mdfr_id , mdfcn_dt ) VALUES( 'NAVER_PRODUCT_ORDER_STATUS' , 'NPOS_DELIVERED' , 2 , 'DELIVERED' , '배송 완료' , '네이버 상품 주문 상태' , 'Y' , 'N' , 1 ,  TO_CHAR(NOW(),'YYYYMMDDHH24MISS') , 1 ,  TO_CHAR(NOW(),'YYYYMMDDHH24MISS') );
INSERT INTO plt_lkag_cd_mng ( lkag_group_cd_id , lkag_cd_id , lkag_mst_id , lkag_cd_vl , lkag_cd_nm , expln , use_yn , del_yn , rgtr_id , reg_dt , mdfr_id , mdfcn_dt ) VALUES( 'NAVER_PRODUCT_ORDER_STATUS' , 'NPOS_PURCHASE_DECIDED' , 2 , 'PURCHASE_DECIDED' , '결제 대기' , '구매 확정' , 'Y' , 'N' , 1 ,  TO_CHAR(NOW(),'YYYYMMDDHH24MISS') , 1 ,  TO_CHAR(NOW(),'YYYYMMDDHH24MISS') );
INSERT INTO plt_lkag_cd_mng ( lkag_group_cd_id , lkag_cd_id , lkag_mst_id , lkag_cd_vl , lkag_cd_nm , expln , use_yn , del_yn , rgtr_id , reg_dt , mdfr_id , mdfcn_dt ) VALUES( 'NAVER_PRODUCT_ORDER_STATUS' , 'NPOS_EXCHANGED' , 2 , 'EXCHANGED' , '교환' , '네이버 상품 주문 상태' , 'Y' , 'N' , 1 ,  TO_CHAR(NOW(),'YYYYMMDDHH24MISS') , 1 ,  TO_CHAR(NOW(),'YYYYMMDDHH24MISS') );
INSERT INTO plt_lkag_cd_mng ( lkag_group_cd_id , lkag_cd_id , lkag_mst_id , lkag_cd_vl , lkag_cd_nm , expln , use_yn , del_yn , rgtr_id , reg_dt , mdfr_id , mdfcn_dt ) VALUES( 'NAVER_PRODUCT_ORDER_STATUS' , 'NPOS_CANCELED' , 2 , 'CANCELED' , '취소' , '네이버 상품 주문 상태' , 'Y' , 'N' , 1 ,  TO_CHAR(NOW(),'YYYYMMDDHH24MISS') , 1 ,  TO_CHAR(NOW(),'YYYYMMDDHH24MISS') );
INSERT INTO plt_lkag_cd_mng ( lkag_group_cd_id , lkag_cd_id , lkag_mst_id , lkag_cd_vl , lkag_cd_nm , expln , use_yn , del_yn , rgtr_id , reg_dt , mdfr_id , mdfcn_dt ) VALUES( 'NAVER_PRODUCT_ORDER_STATUS' , 'NPOS_RETURNED' , 2 , 'RETURNED' , '반품' , '네이버 상품 주문 상태' , 'Y' , 'N' , 1 ,  TO_CHAR(NOW(),'YYYYMMDDHH24MISS') , 1 ,  TO_CHAR(NOW(),'YYYYMMDDHH24MISS') );
INSERT INTO plt_lkag_cd_mng ( lkag_group_cd_id , lkag_cd_id , lkag_mst_id , lkag_cd_vl , lkag_cd_nm , expln , use_yn , del_yn , rgtr_id , reg_dt , mdfr_id , mdfcn_dt ) VALUES( 'NAVER_PRODUCT_ORDER_STATUS' , 'NPOS_CANCELED_BY_NOPAYMENT' , 2 , 'CANCELED_BY_NOPAYMENT' , '미결제 취소' , '네이버 상품 주문 상태' , 'Y' , 'N' , 1 ,  TO_CHAR(NOW(),'YYYYMMDDHH24MISS') , 1 ,  TO_CHAR(NOW(),'YYYYMMDDHH24MISS') );

/*네이버 클레임 구분 코드*/
INSERT INTO plt_lkag_cd_mng ( lkag_group_cd_id , lkag_cd_id , lkag_mst_id , lkag_cd_vl , lkag_cd_nm , expln , use_yn , del_yn , rgtr_id , reg_dt , mdfr_id , mdfcn_dt ) VALUES( '*' , 'NAVER_CLAIM_TYPE' , 2 , 'CLAIM_TYPE' , '클레임 구분 코드' , '네이버 클레임 구분 코드 그룹' , 'Y' , 'N' , 1 ,  TO_CHAR(NOW(),'YYYYMMDDHH24MISS') , 1 ,  TO_CHAR(NOW(),'YYYYMMDDHH24MISS') );

INSERT INTO plt_lkag_cd_mng ( lkag_group_cd_id , lkag_cd_id , lkag_mst_id , lkag_cd_vl , lkag_cd_nm , expln , use_yn , del_yn , rgtr_id , reg_dt , mdfr_id , mdfcn_dt ) VALUES( 'NAVER_CLAIM_TYPE' , 'NCT_CANCEL' , 2 , 'CANCEL' , '취소' , '네이버 클레임 구분 코드' , 'Y' , 'N' , 1 ,  TO_CHAR(NOW(),'YYYYMMDDHH24MISS') , 1 ,  TO_CHAR(NOW(),'YYYYMMDDHH24MISS') );
INSERT INTO plt_lkag_cd_mng ( lkag_group_cd_id , lkag_cd_id , lkag_mst_id , lkag_cd_vl , lkag_cd_nm , expln , use_yn , del_yn , rgtr_id , reg_dt , mdfr_id , mdfcn_dt ) VALUES( 'NAVER_CLAIM_TYPE' , 'NCT_RETURN' , 2 , 'RETURN' , '반품' , '네이버 클레임 구분 코드' , 'Y' , 'N' , 1 ,  TO_CHAR(NOW(),'YYYYMMDDHH24MISS') , 1 ,  TO_CHAR(NOW(),'YYYYMMDDHH24MISS') );
INSERT INTO plt_lkag_cd_mng ( lkag_group_cd_id , lkag_cd_id , lkag_mst_id , lkag_cd_vl , lkag_cd_nm , expln , use_yn , del_yn , rgtr_id , reg_dt , mdfr_id , mdfcn_dt ) VALUES( 'NAVER_CLAIM_TYPE' , 'NCT_EXCHANGE' , 2 , 'EXCHANGE' , '교환' , '네이버 클레임 구분 코드' , 'Y' , 'N' , 1 ,  TO_CHAR(NOW(),'YYYYMMDDHH24MISS') , 1 ,  TO_CHAR(NOW(),'YYYYMMDDHH24MISS') );
INSERT INTO plt_lkag_cd_mng ( lkag_group_cd_id , lkag_cd_id , lkag_mst_id , lkag_cd_vl , lkag_cd_nm , expln , use_yn , del_yn , rgtr_id , reg_dt , mdfr_id , mdfcn_dt ) VALUES( 'NAVER_CLAIM_TYPE' , 'NCT_PURCHASE_DECISION_HOLDBACK' , 2 , 'PURCHASE_DECISION_HOLDBACK' , '구매 확정 보류' , '네이버 클레임 구분 코드' , 'Y' , 'N' , 1 ,  TO_CHAR(NOW(),'YYYYMMDDHH24MISS') , 1 ,  TO_CHAR(NOW(),'YYYYMMDDHH24MISS') );
INSERT INTO plt_lkag_cd_mng ( lkag_group_cd_id , lkag_cd_id , lkag_mst_id , lkag_cd_vl , lkag_cd_nm , expln , use_yn , del_yn , rgtr_id , reg_dt , mdfr_id , mdfcn_dt ) VALUES( 'NAVER_CLAIM_TYPE' , 'NCT_ADMIN_CANCEL' , 2 , 'ADMIN_CANCEL' , '직권 취소' , '네이버 클레임 구분 코드' , 'Y' , 'N' , 1 ,  TO_CHAR(NOW(),'YYYYMMDDHH24MISS') , 1 ,  TO_CHAR(NOW(),'YYYYMMDDHH24MISS') );


/*네이버 클레임 구분 코드*/
INSERT INTO plt_lkag_cd_mng ( lkag_group_cd_id , lkag_cd_id , lkag_mst_id , lkag_cd_vl , lkag_cd_nm , expln , use_yn , del_yn , rgtr_id , reg_dt , mdfr_id , mdfcn_dt ) VALUES( '*' , 'NAVER_CLAIM_STATUS' , 2 , 'CLAIM_STATUS' , '클레임 상태 코드' , '네이버 클레임 상태 코드 그룹' , 'Y' , 'N' , 1 ,  TO_CHAR(NOW(),'YYYYMMDDHH24MISS') , 1 ,  TO_CHAR(NOW(),'YYYYMMDDHH24MISS') );

INSERT INTO plt_lkag_cd_mng ( lkag_group_cd_id , lkag_cd_id , lkag_mst_id , lkag_cd_vl , lkag_cd_nm , expln , use_yn , del_yn , rgtr_id , reg_dt , mdfr_id , mdfcn_dt ) VALUES( 'NAVER_CLAIM_STATUS' , 'NCS_CANCEL_REQUEST' , 2 , 'CANCEL_REQUEST' , '취소 요청' , '네이버 클레임 상태' , 'Y' , 'N' , 1 ,  TO_CHAR(NOW(),'YYYYMMDDHH24MISS') , 1 ,  TO_CHAR(NOW(),'YYYYMMDDHH24MISS') );
INSERT INTO plt_lkag_cd_mng ( lkag_group_cd_id , lkag_cd_id , lkag_mst_id , lkag_cd_vl , lkag_cd_nm , expln , use_yn , del_yn , rgtr_id , reg_dt , mdfr_id , mdfcn_dt ) VALUES( 'NAVER_CLAIM_STATUS' , 'NCS_CANCELING' , 2 , 'CANCELING' , '취소 처리 중' , '네이버 클레임 상태' , 'Y' , 'N' , 1 ,  TO_CHAR(NOW(),'YYYYMMDDHH24MISS') , 1 ,  TO_CHAR(NOW(),'YYYYMMDDHH24MISS') );
INSERT INTO plt_lkag_cd_mng ( lkag_group_cd_id , lkag_cd_id , lkag_mst_id , lkag_cd_vl , lkag_cd_nm , expln , use_yn , del_yn , rgtr_id , reg_dt , mdfr_id , mdfcn_dt ) VALUES( 'NAVER_CLAIM_STATUS' , 'NCS_CANCEL_DONE' , 2 , 'CANCEL_DONE' , '취소 처리 완료' , '네이버 클레임 상태' , 'Y' , 'N' , 1 ,  TO_CHAR(NOW(),'YYYYMMDDHH24MISS') , 1 ,  TO_CHAR(NOW(),'YYYYMMDDHH24MISS') );
INSERT INTO plt_lkag_cd_mng ( lkag_group_cd_id , lkag_cd_id , lkag_mst_id , lkag_cd_vl , lkag_cd_nm , expln , use_yn , del_yn , rgtr_id , reg_dt , mdfr_id , mdfcn_dt ) VALUES( 'NAVER_CLAIM_STATUS' , 'NCS_CANCEL_REJECT' , 2 , 'CANCEL_REJECT' , '취소 철회' , '네이버 클레임 상태' , 'Y' , 'N' , 1 ,  TO_CHAR(NOW(),'YYYYMMDDHH24MISS') , 1 ,  TO_CHAR(NOW(),'YYYYMMDDHH24MISS') );
INSERT INTO plt_lkag_cd_mng ( lkag_group_cd_id , lkag_cd_id , lkag_mst_id , lkag_cd_vl , lkag_cd_nm , expln , use_yn , del_yn , rgtr_id , reg_dt , mdfr_id , mdfcn_dt ) VALUES( 'NAVER_CLAIM_STATUS' , 'NCS_RETURN_REQUEST' , 2 , 'RETURN_REQUEST' , '반품 요청' , '네이버 클레임 상태' , 'Y' , 'N' , 1 ,  TO_CHAR(NOW(),'YYYYMMDDHH24MISS') , 1 ,  TO_CHAR(NOW(),'YYYYMMDDHH24MISS') );
INSERT INTO plt_lkag_cd_mng ( lkag_group_cd_id , lkag_cd_id , lkag_mst_id , lkag_cd_vl , lkag_cd_nm , expln , use_yn , del_yn , rgtr_id , reg_dt , mdfr_id , mdfcn_dt ) VALUES( 'NAVER_CLAIM_STATUS' , 'NCS_EXCHANGE_REQUEST' , 2 , 'EXCHANGE_REQUEST' , '교환 요청' , '네이버 클레임 상태' , 'Y' , 'N' , 1 ,  TO_CHAR(NOW(),'YYYYMMDDHH24MISS') , 1 ,  TO_CHAR(NOW(),'YYYYMMDDHH24MISS') );
INSERT INTO plt_lkag_cd_mng ( lkag_group_cd_id , lkag_cd_id , lkag_mst_id , lkag_cd_vl , lkag_cd_nm , expln , use_yn , del_yn , rgtr_id , reg_dt , mdfr_id , mdfcn_dt ) VALUES( 'NAVER_CLAIM_STATUS' , 'NCS_COLLECTING' , 2 , 'COLLECTING' , '수거 처리 중' , '네이버 클레임 상태' , 'Y' , 'N' , 1 ,  TO_CHAR(NOW(),'YYYYMMDDHH24MISS') , 1 ,  TO_CHAR(NOW(),'YYYYMMDDHH24MISS') );
INSERT INTO plt_lkag_cd_mng ( lkag_group_cd_id , lkag_cd_id , lkag_mst_id , lkag_cd_vl , lkag_cd_nm , expln , use_yn , del_yn , rgtr_id , reg_dt , mdfr_id , mdfcn_dt ) VALUES( 'NAVER_CLAIM_STATUS' , 'NCS_COLLECT_DONE' , 2 , 'COLLECT_DONE' , '수거 완료' , '네이버 클레임 상태' , 'Y' , 'N' , 1 ,  TO_CHAR(NOW(),'YYYYMMDDHH24MISS') , 1 ,  TO_CHAR(NOW(),'YYYYMMDDHH24MISS') );
INSERT INTO plt_lkag_cd_mng ( lkag_group_cd_id , lkag_cd_id , lkag_mst_id , lkag_cd_vl , lkag_cd_nm , expln , use_yn , del_yn , rgtr_id , reg_dt , mdfr_id , mdfcn_dt ) VALUES( 'NAVER_CLAIM_STATUS' , 'NCS_EXCHANGE_REDELIVERING' , 2 , 'EXCHANGE_REDELIVERING' , '교환 재배송 중' , '네이버 클레임 상태' , 'Y' , 'N' , 1 ,  TO_CHAR(NOW(),'YYYYMMDDHH24MISS') , 1 ,  TO_CHAR(NOW(),'YYYYMMDDHH24MISS') );
INSERT INTO plt_lkag_cd_mng ( lkag_group_cd_id , lkag_cd_id , lkag_mst_id , lkag_cd_vl , lkag_cd_nm , expln , use_yn , del_yn , rgtr_id , reg_dt , mdfr_id , mdfcn_dt ) VALUES( 'NAVER_CLAIM_STATUS' , 'NCS_RETURN_DONE' , 2 , 'RETURN_DONE' , '반품 완료' , '네이버 클레임 상태' , 'Y' , 'N' , 1 ,  TO_CHAR(NOW(),'YYYYMMDDHH24MISS') , 1 ,  TO_CHAR(NOW(),'YYYYMMDDHH24MISS') );
INSERT INTO plt_lkag_cd_mng ( lkag_group_cd_id , lkag_cd_id , lkag_mst_id , lkag_cd_vl , lkag_cd_nm , expln , use_yn , del_yn , rgtr_id , reg_dt , mdfr_id , mdfcn_dt ) VALUES( 'NAVER_CLAIM_STATUS' , 'NCS_EXCHANGE_DONE' , 2 , 'EXCHANGE_DONE' , '교환 완료' , '네이버 클레임 상태' , 'Y' , 'N' , 1 ,  TO_CHAR(NOW(),'YYYYMMDDHH24MISS') , 1 ,  TO_CHAR(NOW(),'YYYYMMDDHH24MISS') );
INSERT INTO plt_lkag_cd_mng ( lkag_group_cd_id , lkag_cd_id , lkag_mst_id , lkag_cd_vl , lkag_cd_nm , expln , use_yn , del_yn , rgtr_id , reg_dt , mdfr_id , mdfcn_dt ) VALUES( 'NAVER_CLAIM_STATUS' , 'NCS_RETURN_REJECT' , 2 , 'RETURN_REJECT' , '반품 철회' , '네이버 클레임 상태' , 'Y' , 'N' , 1 ,  TO_CHAR(NOW(),'YYYYMMDDHH24MISS') , 1 ,  TO_CHAR(NOW(),'YYYYMMDDHH24MISS') );
INSERT INTO plt_lkag_cd_mng ( lkag_group_cd_id , lkag_cd_id , lkag_mst_id , lkag_cd_vl , lkag_cd_nm , expln , use_yn , del_yn , rgtr_id , reg_dt , mdfr_id , mdfcn_dt ) VALUES( 'NAVER_CLAIM_STATUS' , 'NCS_EXCHANGE_REJECT' , 2 , 'EXCHANGE_REJECT' , '교환 철회' , '네이버 클레임 상태' , 'Y' , 'N' , 1 ,  TO_CHAR(NOW(),'YYYYMMDDHH24MISS') , 1 ,  TO_CHAR(NOW(),'YYYYMMDDHH24MISS') );
INSERT INTO plt_lkag_cd_mng ( lkag_group_cd_id , lkag_cd_id , lkag_mst_id , lkag_cd_vl , lkag_cd_nm , expln , use_yn , del_yn , rgtr_id , reg_dt , mdfr_id , mdfcn_dt ) VALUES( 'NAVER_CLAIM_STATUS' , 'NCS_PURCHASE_DECISION_HOLDBACK' , 2 , 'PURCHASE_DECISION_HOLDBACK' , '구매 확정 보류' , '네이버 클레임 상태' , 'Y' , 'N' , 1 ,  TO_CHAR(NOW(),'YYYYMMDDHH24MISS') , 1 ,  TO_CHAR(NOW(),'YYYYMMDDHH24MISS') );
INSERT INTO plt_lkag_cd_mng ( lkag_group_cd_id , lkag_cd_id , lkag_mst_id , lkag_cd_vl , lkag_cd_nm , expln , use_yn , del_yn , rgtr_id , reg_dt , mdfr_id , mdfcn_dt ) VALUES( 'NAVER_CLAIM_STATUS' , 'NCS_PURCHASE_DECISION_REQUEST' , 2 , 'PURCHASE_DECISION_REQUEST' , '구매 확정 요청' , '네이버 클레임 상태' , 'Y' , 'N' , 1 ,  TO_CHAR(NOW(),'YYYYMMDDHH24MISS') , 1 ,  TO_CHAR(NOW(),'YYYYMMDDHH24MISS') );
INSERT INTO plt_lkag_cd_mng ( lkag_group_cd_id , lkag_cd_id , lkag_mst_id , lkag_cd_vl , lkag_cd_nm , expln , use_yn , del_yn , rgtr_id , reg_dt , mdfr_id , mdfcn_dt ) VALUES( 'NAVER_CLAIM_STATUS' , 'NCS_PURCHASE_DECISION_HOLDBACK_RELEASE' , 2 , 'PURCHASE_DECISION_HOLDBACK_RELEASE' , '구매 확정 보류 해제' , '네이버 클레임 상태' , 'Y' , 'N' , 1 ,  TO_CHAR(NOW(),'YYYYMMDDHH24MISS') , 1 ,  TO_CHAR(NOW(),'YYYYMMDDHH24MISS') );
INSERT INTO plt_lkag_cd_mng ( lkag_group_cd_id , lkag_cd_id , lkag_mst_id , lkag_cd_vl , lkag_cd_nm , expln , use_yn , del_yn , rgtr_id , reg_dt , mdfr_id , mdfcn_dt ) VALUES( 'NAVER_CLAIM_STATUS' , 'NCS_ADMIN_CANCELING' , 2 , 'ADMIN_CANCELING' , '직권 취소 중' , '네이버 클레임 상태' , 'Y' , 'N' , 1 ,  TO_CHAR(NOW(),'YYYYMMDDHH24MISS') , 1 ,  TO_CHAR(NOW(),'YYYYMMDDHH24MISS') );
INSERT INTO plt_lkag_cd_mng ( lkag_group_cd_id , lkag_cd_id , lkag_mst_id , lkag_cd_vl , lkag_cd_nm , expln , use_yn , del_yn , rgtr_id , reg_dt , mdfr_id , mdfcn_dt ) VALUES( 'NAVER_CLAIM_STATUS' , 'NCS_ADMIN_CANCEL_DONE' , 2 , 'ADMIN_CANCEL_DONE' , '직권 취소 완료' , '네이버 클레임 상태' , 'Y' , 'N' , 1 ,  TO_CHAR(NOW(),'YYYYMMDDHH24MISS') , 1 ,  TO_CHAR(NOW(),'YYYYMMDDHH24MISS') );
INSERT INTO plt_lkag_cd_mng ( lkag_group_cd_id , lkag_cd_id , lkag_mst_id , lkag_cd_vl , lkag_cd_nm , expln , use_yn , del_yn , rgtr_id , reg_dt , mdfr_id , mdfcn_dt ) VALUES( 'NAVER_CLAIM_STATUS' , 'NCS_ADMIN_CANCEL_REJECT' , 2 , 'ADMIN_CANCEL_REJECT' , '직권 취소 철회' , '네이버 클레임 상태' , 'Y' , 'N' , 1 ,  TO_CHAR(NOW(),'YYYYMMDDHH24MISS') , 1 ,  TO_CHAR(NOW(),'YYYYMMDDHH24MISS') );

/*네이버 선물 수락 상태 구분 코드*/
INSERT INTO plt_lkag_cd_mng ( lkag_group_cd_id , lkag_cd_id , lkag_mst_id , lkag_cd_vl , lkag_cd_nm , expln , use_yn , del_yn , rgtr_id , reg_dt , mdfr_id , mdfcn_dt ) VALUES( '*' , 'NAVER_GIFT_RECEIVING_STATUS' , 2 , 'GIFT_RECEIVING_STATUS' , '선물 수락 상태 구분' , '네이버 선물 수락 상태 구분 코드 그룹' , 'Y' , 'N' , 1 ,  TO_CHAR(NOW(),'YYYYMMDDHH24MISS') , 1 ,  TO_CHAR(NOW(),'YYYYMMDDHH24MISS') );

INSERT INTO plt_lkag_cd_mng ( lkag_group_cd_id , lkag_cd_id , lkag_mst_id , lkag_cd_vl , lkag_cd_nm , expln , use_yn , del_yn , rgtr_id , reg_dt , mdfr_id , mdfcn_dt ) VALUES( 'NAVER_GIFT_RECEIVING_STATUS' , 'NGRS_WAIT_FOR_RECEIVING' , 2 , 'WAIT_FOR_RECEIVING' , '수락 대기(배송지 입력 대기)' , '네이버 선물 수락 상태 구분' , 'Y' , 'N' , 1 ,  TO_CHAR(NOW(),'YYYYMMDDHH24MISS') , 1 ,  TO_CHAR(NOW(),'YYYYMMDDHH24MISS') );
INSERT INTO plt_lkag_cd_mng ( lkag_group_cd_id , lkag_cd_id , lkag_mst_id , lkag_cd_vl , lkag_cd_nm , expln , use_yn , del_yn , rgtr_id , reg_dt , mdfr_id , mdfcn_dt ) VALUES( 'NAVER_GIFT_RECEIVING_STATUS' , 'NGRS_RECEIVED' , 2 , 'RECEIVED' , '수락 완료' , '네이버 선물 수락 상태 구분' , 'Y' , 'N' , 1 ,  TO_CHAR(NOW(),'YYYYMMDDHH24MISS') , 1 ,  TO_CHAR(NOW(),'YYYYMMDDHH24MISS') );

/*네이버 클레임 요청 사유*/
INSERT INTO plt_lkag_cd_mng ( lkag_group_cd_id , lkag_cd_id , lkag_mst_id , lkag_cd_vl , lkag_cd_nm , expln , use_yn , del_yn , rgtr_id , reg_dt , mdfr_id , mdfcn_dt ) VALUES( '*' , 'NAVER_CANCEL_REASON' , 2 , 'NAVER_CANCEL_REASON' , '클레임 요청 사유 코드' , '네이버 클레임 요청 사유 코드 그룹' , 'Y' , 'N' , 1 ,  TO_CHAR(NOW(),'YYYYMMDDHH24MISS') , 1 ,  TO_CHAR(NOW(),'YYYYMMDDHH24MISS') );

INSERT INTO plt_lkag_cd_mng ( lkag_group_cd_id , lkag_cd_id , lkag_mst_id , lkag_cd_vl , lkag_cd_nm , expln , use_yn , del_yn , rgtr_id , reg_dt , mdfr_id , mdfcn_dt ) VALUES( 'NAVER_CANCEL_REASON' , 'NCR_INTENT_CHANGED' , 2 , 'INTENT_CHANGED' , '구매 의사 취소' , '네이버 클레임 요청 사유' , 'Y' , 'N' , 1 ,  TO_CHAR(NOW(),'YYYYMMDDHH24MISS') , 1 ,  TO_CHAR(NOW(),'YYYYMMDDHH24MISS') );
INSERT INTO plt_lkag_cd_mng ( lkag_group_cd_id , lkag_cd_id , lkag_mst_id , lkag_cd_vl , lkag_cd_nm , expln , use_yn , del_yn , rgtr_id , reg_dt , mdfr_id , mdfcn_dt ) VALUES( 'NAVER_CANCEL_REASON' , 'NCR_COLOR_AND_SIZE' , 2 , 'COLOR_AND_SIZE' , '색상 및 사이즈 변경' , '네이버 클레임 요청 사유' , 'Y' , 'N' , 1 ,  TO_CHAR(NOW(),'YYYYMMDDHH24MISS') , 1 ,  TO_CHAR(NOW(),'YYYYMMDDHH24MISS') );
INSERT INTO plt_lkag_cd_mng ( lkag_group_cd_id , lkag_cd_id , lkag_mst_id , lkag_cd_vl , lkag_cd_nm , expln , use_yn , del_yn , rgtr_id , reg_dt , mdfr_id , mdfcn_dt ) VALUES( 'NAVER_CANCEL_REASON' , 'NCR_WRONG_ORDER' , 2 , 'WRONG_ORDER' , '다른 상품 잘못 주문' , '네이버 클레임 요청 사유' , 'Y' , 'N' , 1 ,  TO_CHAR(NOW(),'YYYYMMDDHH24MISS') , 1 ,  TO_CHAR(NOW(),'YYYYMMDDHH24MISS') );
INSERT INTO plt_lkag_cd_mng ( lkag_group_cd_id , lkag_cd_id , lkag_mst_id , lkag_cd_vl , lkag_cd_nm , expln , use_yn , del_yn , rgtr_id , reg_dt , mdfr_id , mdfcn_dt ) VALUES( 'NAVER_CANCEL_REASON' , 'NCR_PRODUCT_UNSATISFIED' , 2 , 'PRODUCT_UNSATISFIED' , '서비스 불만족' , '네이버 클레임 요청 사유' , 'Y' , 'N' , 1 ,  TO_CHAR(NOW(),'YYYYMMDDHH24MISS') , 1 ,  TO_CHAR(NOW(),'YYYYMMDDHH24MISS') );
INSERT INTO plt_lkag_cd_mng ( lkag_group_cd_id , lkag_cd_id , lkag_mst_id , lkag_cd_vl , lkag_cd_nm , expln , use_yn , del_yn , rgtr_id , reg_dt , mdfr_id , mdfcn_dt ) VALUES( 'NAVER_CANCEL_REASON' , 'NCR_DELAYED_DELIVERY' , 2 , 'DELAYED_DELIVERY' , '배송 지연' , '네이버 클레임 요청 사유' , 'Y' , 'N' , 1 ,  TO_CHAR(NOW(),'YYYYMMDDHH24MISS') , 1 ,  TO_CHAR(NOW(),'YYYYMMDDHH24MISS') );
INSERT INTO plt_lkag_cd_mng ( lkag_group_cd_id , lkag_cd_id , lkag_mst_id , lkag_cd_vl , lkag_cd_nm , expln , use_yn , del_yn , rgtr_id , reg_dt , mdfr_id , mdfcn_dt ) VALUES( 'NAVER_CANCEL_REASON' , 'NCR_SOLD_OUT' , 2 , 'SOLD_OUT' , '상품 품절' , '네이버 클레임 요청 사유' , 'Y' , 'N' , 1 ,  TO_CHAR(NOW(),'YYYYMMDDHH24MISS') , 1 ,  TO_CHAR(NOW(),'YYYYMMDDHH24MISS') );
INSERT INTO plt_lkag_cd_mng ( lkag_group_cd_id , lkag_cd_id , lkag_mst_id , lkag_cd_vl , lkag_cd_nm , expln , use_yn , del_yn , rgtr_id , reg_dt , mdfr_id , mdfcn_dt ) VALUES( 'NAVER_CANCEL_REASON' , 'NCR_DROPPED_DELIVERY' , 2 , 'DROPPED_DELIVERY' , '배송 누락' , '네이버 클레임 요청 사유' , 'Y' , 'N' , 1 ,  TO_CHAR(NOW(),'YYYYMMDDHH24MISS') , 1 ,  TO_CHAR(NOW(),'YYYYMMDDHH24MISS') );
INSERT INTO plt_lkag_cd_mng ( lkag_group_cd_id , lkag_cd_id , lkag_mst_id , lkag_cd_vl , lkag_cd_nm , expln , use_yn , del_yn , rgtr_id , reg_dt , mdfr_id , mdfcn_dt ) VALUES( 'NAVER_CANCEL_REASON' , 'NCR_NOT_YET_DELIVERY' , 2 , 'NOT_YET_DELIVERY' , '미배송' , '네이버 클레임 요청 사유' , 'Y' , 'N' , 1 ,  TO_CHAR(NOW(),'YYYYMMDDHH24MISS') , 1 ,  TO_CHAR(NOW(),'YYYYMMDDHH24MISS') );
INSERT INTO plt_lkag_cd_mng ( lkag_group_cd_id , lkag_cd_id , lkag_mst_id , lkag_cd_vl , lkag_cd_nm , expln , use_yn , del_yn , rgtr_id , reg_dt , mdfr_id , mdfcn_dt ) VALUES( 'NAVER_CANCEL_REASON' , 'NCR_INCORRECT_INFO' , 2 , 'INCORRECT_INFO' , '상품 정보 상이' , '네이버 클레임 요청 사유' , 'Y' , 'N' , 1 ,  TO_CHAR(NOW(),'YYYYMMDDHH24MISS') , 1 ,  TO_CHAR(NOW(),'YYYYMMDDHH24MISS') );
INSERT INTO plt_lkag_cd_mng ( lkag_group_cd_id , lkag_cd_id , lkag_mst_id , lkag_cd_vl , lkag_cd_nm , expln , use_yn , del_yn , rgtr_id , reg_dt , mdfr_id , mdfcn_dt ) VALUES( 'NAVER_CANCEL_REASON' , 'NCR_WRONG_DELIVERY' , 2 , 'WRONG_DELIVERY' , '오배송' , '네이버 클레임 요청 사유' , 'Y' , 'N' , 1 ,  TO_CHAR(NOW(),'YYYYMMDDHH24MISS') , 1 ,  TO_CHAR(NOW(),'YYYYMMDDHH24MISS') );
INSERT INTO plt_lkag_cd_mng ( lkag_group_cd_id , lkag_cd_id , lkag_mst_id , lkag_cd_vl , lkag_cd_nm , expln , use_yn , del_yn , rgtr_id , reg_dt , mdfr_id , mdfcn_dt ) VALUES( 'NAVER_CANCEL_REASON' , 'NCR_WRONG_OPTION' , 2 , 'WRONG_OPTION' , '색상 등 다른 상품 잘못 배송' , '네이버 클레임 요청 사유' , 'Y' , 'N' , 1 ,  TO_CHAR(NOW(),'YYYYMMDDHH24MISS') , 1 ,  TO_CHAR(NOW(),'YYYYMMDDHH24MISS') );
INSERT INTO plt_lkag_cd_mng ( lkag_group_cd_id , lkag_cd_id , lkag_mst_id , lkag_cd_vl , lkag_cd_nm , expln , use_yn , del_yn , rgtr_id , reg_dt , mdfr_id , mdfcn_dt ) VALUES( 'NAVER_CANCEL_REASON' , 'NCR_SIMPLE_INTENT_CHANGED' , 2 , 'SIMPLE_INTENT_CHANGED' , '단순 변심' , '네이버 클레임 요청 사유' , 'Y' , 'N' , 1 ,  TO_CHAR(NOW(),'YYYYMMDDHH24MISS') , 1 ,  TO_CHAR(NOW(),'YYYYMMDDHH24MISS') );
INSERT INTO plt_lkag_cd_mng ( lkag_group_cd_id , lkag_cd_id , lkag_mst_id , lkag_cd_vl , lkag_cd_nm , expln , use_yn , del_yn , rgtr_id , reg_dt , mdfr_id , mdfcn_dt ) VALUES( 'NAVER_CANCEL_REASON' , 'NCR_MISTAKE_ORDER' , 2 , 'MISTAKE_ORDER' , '주문 실수' , '네이버 클레임 요청 사유' , 'Y' , 'N' , 1 ,  TO_CHAR(NOW(),'YYYYMMDDHH24MISS') , 1 ,  TO_CHAR(NOW(),'YYYYMMDDHH24MISS') );
INSERT INTO plt_lkag_cd_mng ( lkag_group_cd_id , lkag_cd_id , lkag_mst_id , lkag_cd_vl , lkag_cd_nm , expln , use_yn , del_yn , rgtr_id , reg_dt , mdfr_id , mdfcn_dt ) VALUES( 'NAVER_CANCEL_REASON' , 'NCR_ETC' , 2 , 'ETC' , '기타' , '네이버 클레임 요청 사유' , 'Y' , 'N' , 1 ,  TO_CHAR(NOW(),'YYYYMMDDHH24MISS') , 1 ,  TO_CHAR(NOW(),'YYYYMMDDHH24MISS') );
INSERT INTO plt_lkag_cd_mng ( lkag_group_cd_id , lkag_cd_id , lkag_mst_id , lkag_cd_vl , lkag_cd_nm , expln , use_yn , del_yn , rgtr_id , reg_dt , mdfr_id , mdfcn_dt ) VALUES( 'NAVER_CANCEL_REASON' , 'NCR_DELAYED_DELIVERY_BY_PURCHASER' , 2 , 'DELAYED_DELIVERY_BY_PURCHASER' , '배송 지연' , '네이버 클레임 요청 사유' , 'Y' , 'N' , 1 ,  TO_CHAR(NOW(),'YYYYMMDDHH24MISS') , 1 ,  TO_CHAR(NOW(),'YYYYMMDDHH24MISS') );
INSERT INTO plt_lkag_cd_mng ( lkag_group_cd_id , lkag_cd_id , lkag_mst_id , lkag_cd_vl , lkag_cd_nm , expln , use_yn , del_yn , rgtr_id , reg_dt , mdfr_id , mdfcn_dt ) VALUES( 'NAVER_CANCEL_REASON' , 'NCR_INCORRECT_INFO_BY_PURCHASER' , 2 , 'INCORRECT_INFO_BY_PURCHASER' , '상품 정보 상이' , '네이버 클레임 요청 사유' , 'Y' , 'N' , 1 ,  TO_CHAR(NOW(),'YYYYMMDDHH24MISS') , 1 ,  TO_CHAR(NOW(),'YYYYMMDDHH24MISS') );
INSERT INTO plt_lkag_cd_mng ( lkag_group_cd_id , lkag_cd_id , lkag_mst_id , lkag_cd_vl , lkag_cd_nm , expln , use_yn , del_yn , rgtr_id , reg_dt , mdfr_id , mdfcn_dt ) VALUES( 'NAVER_CANCEL_REASON' , 'NCR_PRODUCT_UNSATISFIED_BY_PURCHASER' , 2 , 'PRODUCT_UNSATISFIED_BY_PURCHASER' , '서비스 불만족' , '네이버 클레임 요청 사유' , 'Y' , 'N' , 1 ,  TO_CHAR(NOW(),'YYYYMMDDHH24MISS') , 1 ,  TO_CHAR(NOW(),'YYYYMMDDHH24MISS') );
INSERT INTO plt_lkag_cd_mng ( lkag_group_cd_id , lkag_cd_id , lkag_mst_id , lkag_cd_vl , lkag_cd_nm , expln , use_yn , del_yn , rgtr_id , reg_dt , mdfr_id , mdfcn_dt ) VALUES( 'NAVER_CANCEL_REASON' , 'NCR_NOT_YET_DISCUSSION' , 2 , 'NOT_YET_DISCUSSION' , '상호 협의가 완료되지 않은 주문 건' , '네이버 클레임 요청 사유' , 'Y' , 'N' , 1 ,  TO_CHAR(NOW(),'YYYYMMDDHH24MISS') , 1 ,  TO_CHAR(NOW(),'YYYYMMDDHH24MISS') );
INSERT INTO plt_lkag_cd_mng ( lkag_group_cd_id , lkag_cd_id , lkag_mst_id , lkag_cd_vl , lkag_cd_nm , expln , use_yn , del_yn , rgtr_id , reg_dt , mdfr_id , mdfcn_dt ) VALUES( 'NAVER_CANCEL_REASON' , 'NCR_OUT_OF_STOCK' , 2 , 'OUT_OF_STOCK' , '재고 부족으로 인한 판매 불가' , '네이버 클레임 요청 사유' , 'Y' , 'N' , 1 ,  TO_CHAR(NOW(),'YYYYMMDDHH24MISS') , 1 ,  TO_CHAR(NOW(),'YYYYMMDDHH24MISS') );
INSERT INTO plt_lkag_cd_mng ( lkag_group_cd_id , lkag_cd_id , lkag_mst_id , lkag_cd_vl , lkag_cd_nm , expln , use_yn , del_yn , rgtr_id , reg_dt , mdfr_id , mdfcn_dt ) VALUES( 'NAVER_CANCEL_REASON' , 'NCR_SALE_INTENT_CHANGED' , 2 , 'SALE_INTENT_CHANGED' , '판매 의사 변심으로 인한 거부' , '네이버 클레임 요청 사유' , 'Y' , 'N' , 1 ,  TO_CHAR(NOW(),'YYYYMMDDHH24MISS') , 1 ,  TO_CHAR(NOW(),'YYYYMMDDHH24MISS') );
INSERT INTO plt_lkag_cd_mng ( lkag_group_cd_id , lkag_cd_id , lkag_mst_id , lkag_cd_vl , lkag_cd_nm , expln , use_yn , del_yn , rgtr_id , reg_dt , mdfr_id , mdfcn_dt ) VALUES( 'NAVER_CANCEL_REASON' , 'NCR_NOT_YET_PAYMENT' , 2 , 'NOT_YET_PAYMENT' , '구매자의 미결제로 인한 거부' , '네이버 클레임 요청 사유' , 'Y' , 'N' , 1 ,  TO_CHAR(NOW(),'YYYYMMDDHH24MISS') , 1 ,  TO_CHAR(NOW(),'YYYYMMDDHH24MISS') );
INSERT INTO plt_lkag_cd_mng ( lkag_group_cd_id , lkag_cd_id , lkag_mst_id , lkag_cd_vl , lkag_cd_nm , expln , use_yn , del_yn , rgtr_id , reg_dt , mdfr_id , mdfcn_dt ) VALUES( 'NAVER_CANCEL_REASON' , 'NCR_NOT_YET_RECEIVE' , 2 , 'NOT_YET_RECEIVE' , '상품 미수취' , '네이버 클레임 요청 사유' , 'Y' , 'N' , 1 ,  TO_CHAR(NOW(),'YYYYMMDDHH24MISS') , 1 ,  TO_CHAR(NOW(),'YYYYMMDDHH24MISS') );
INSERT INTO plt_lkag_cd_mng ( lkag_group_cd_id , lkag_cd_id , lkag_mst_id , lkag_cd_vl , lkag_cd_nm , expln , use_yn , del_yn , rgtr_id , reg_dt , mdfr_id , mdfcn_dt ) VALUES( 'NAVER_CANCEL_REASON' , 'NCR_WRONG_DELAYED_DELIVERY' , 2 , 'WRONG_DELAYED_DELIVERY' , '오배송 및 지연' , '네이버 클레임 요청 사유' , 'Y' , 'N' , 1 ,  TO_CHAR(NOW(),'YYYYMMDDHH24MISS') , 1 ,  TO_CHAR(NOW(),'YYYYMMDDHH24MISS') );
INSERT INTO plt_lkag_cd_mng ( lkag_group_cd_id , lkag_cd_id , lkag_mst_id , lkag_cd_vl , lkag_cd_nm , expln , use_yn , del_yn , rgtr_id , reg_dt , mdfr_id , mdfcn_dt ) VALUES( 'NAVER_CANCEL_REASON' , 'NCR_BROKEN_AND_BAD' , 2 , 'BROKEN_AND_BAD' , '파손 및 불량' , '네이버 클레임 요청 사유' , 'Y' , 'N' , 1 ,  TO_CHAR(NOW(),'YYYYMMDDHH24MISS') , 1 ,  TO_CHAR(NOW(),'YYYYMMDDHH24MISS') );
INSERT INTO plt_lkag_cd_mng ( lkag_group_cd_id , lkag_cd_id , lkag_mst_id , lkag_cd_vl , lkag_cd_nm , expln , use_yn , del_yn , rgtr_id , reg_dt , mdfr_id , mdfcn_dt ) VALUES( 'NAVER_CANCEL_REASON' , 'NCR_RECEIVING_DUE_DATE_OVER' , 2 , 'RECEIVING_DUE_DATE_OVER' , '수락 기한 만료' , '네이버 클레임 요청 사유' , 'Y' , 'N' , 1 ,  TO_CHAR(NOW(),'YYYYMMDDHH24MISS') , 1 ,  TO_CHAR(NOW(),'YYYYMMDDHH24MISS') );
INSERT INTO plt_lkag_cd_mng ( lkag_group_cd_id , lkag_cd_id , lkag_mst_id , lkag_cd_vl , lkag_cd_nm , expln , use_yn , del_yn , rgtr_id , reg_dt , mdfr_id , mdfcn_dt ) VALUES( 'NAVER_CANCEL_REASON' , 'NCR_RECEIVER_MISMATCHED' , 2 , 'RECEIVER_MISMATCHED' , '수신인 불일치' , '네이버 클레임 요청 사유' , 'Y' , 'N' , 1 ,  TO_CHAR(NOW(),'YYYYMMDDHH24MISS') , 1 ,  TO_CHAR(NOW(),'YYYYMMDDHH24MISS') );
INSERT INTO plt_lkag_cd_mng ( lkag_group_cd_id , lkag_cd_id , lkag_mst_id , lkag_cd_vl , lkag_cd_nm , expln , use_yn , del_yn , rgtr_id , reg_dt , mdfr_id , mdfcn_dt ) VALUES( 'NAVER_CANCEL_REASON' , 'NCR_GIFT_INTENT_CHANGED' , 2 , 'GIFT_INTENT_CHANGED' , '보내기 취소' , '네이버 클레임 요청 사유' , 'Y' , 'N' , 1 ,  TO_CHAR(NOW(),'YYYYMMDDHH24MISS') , 1 ,  TO_CHAR(NOW(),'YYYYMMDDHH24MISS') );
INSERT INTO plt_lkag_cd_mng ( lkag_group_cd_id , lkag_cd_id , lkag_mst_id , lkag_cd_vl , lkag_cd_nm , expln , use_yn , del_yn , rgtr_id , reg_dt , mdfr_id , mdfcn_dt ) VALUES( 'NAVER_CANCEL_REASON' , 'NCR_GIFT_REFUSAL' , 2 , 'GIFT_REFUSAL' , '선물 거절' , '네이버 클레임 요청 사유' , 'Y' , 'N' , 1 ,  TO_CHAR(NOW(),'YYYYMMDDHH24MISS') , 1 ,  TO_CHAR(NOW(),'YYYYMMDDHH24MISS') );
INSERT INTO plt_lkag_cd_mng ( lkag_group_cd_id , lkag_cd_id , lkag_mst_id , lkag_cd_vl , lkag_cd_nm , expln , use_yn , del_yn , rgtr_id , reg_dt , mdfr_id , mdfcn_dt ) VALUES( 'NAVER_CANCEL_REASON' , 'NCR_MINOR_RESTRICTED' , 2 , 'MINOR_RESTRICTED' , '상품 수신 불가' , '네이버 클레임 요청 사유' , 'Y' , 'N' , 1 ,  TO_CHAR(NOW(),'YYYYMMDDHH24MISS') , 1 ,  TO_CHAR(NOW(),'YYYYMMDDHH24MISS') );
INSERT INTO plt_lkag_cd_mng ( lkag_group_cd_id , lkag_cd_id , lkag_mst_id , lkag_cd_vl , lkag_cd_nm , expln , use_yn , del_yn , rgtr_id , reg_dt , mdfr_id , mdfcn_dt ) VALUES( 'NAVER_CANCEL_REASON' , 'NCR_RECEIVING_BLOCKED' , 2 , 'RECEIVING_BLOCKED' , '상품 수신 불가' , '네이버 클레임 요청 사유' , 'Y' , 'N' , 1 ,  TO_CHAR(NOW(),'YYYYMMDDHH24MISS') , 1 ,  TO_CHAR(NOW(),'YYYYMMDDHH24MISS') );
INSERT INTO plt_lkag_cd_mng ( lkag_group_cd_id , lkag_cd_id , lkag_mst_id , lkag_cd_vl , lkag_cd_nm , expln , use_yn , del_yn , rgtr_id , reg_dt , mdfr_id , mdfcn_dt ) VALUES( 'NAVER_CANCEL_REASON' , 'NCR_UNDER_QUANTITY' , 2 , 'UNDER_QUANTITY' , '주문 수량 미달' , '네이버 클레임 요청 사유' , 'Y' , 'N' , 1 ,  TO_CHAR(NOW(),'YYYYMMDDHH24MISS') , 1 ,  TO_CHAR(NOW(),'YYYYMMDDHH24MISS') );
INSERT INTO plt_lkag_cd_mng ( lkag_group_cd_id , lkag_cd_id , lkag_mst_id , lkag_cd_vl , lkag_cd_nm , expln , use_yn , del_yn , rgtr_id , reg_dt , mdfr_id , mdfcn_dt ) VALUES( 'NAVER_CANCEL_REASON' , 'NCR_ASYNC_FAIL_PAYMENT' , 2 , 'ASYNC_FAIL_PAYMENT' , '결제 승인 실패' , '네이버 클레임 요청 사유' , 'Y' , 'N' , 1 ,  TO_CHAR(NOW(),'YYYYMMDDHH24MISS') , 1 ,  TO_CHAR(NOW(),'YYYYMMDDHH24MISS') );
INSERT INTO plt_lkag_cd_mng ( lkag_group_cd_id , lkag_cd_id , lkag_mst_id , lkag_cd_vl , lkag_cd_nm , expln , use_yn , del_yn , rgtr_id , reg_dt , mdfr_id , mdfcn_dt ) VALUES( 'NAVER_CANCEL_REASON' , 'NCR_ASYNC_LONG_WAIT_PAYMENT' , 2 , 'ASYNC_LONG_WAIT_PAYMENT' , '결제 승인 실패' , '네이버 클레임 요청 사유' , 'Y' , 'N' , 1 ,  TO_CHAR(NOW(),'YYYYMMDDHH24MISS') , 1 ,  TO_CHAR(NOW(),'YYYYMMDDHH24MISS') );

/*네이버 택배사 코드*/
INSERT INTO plt_lkag_cd_mng ( lkag_group_cd_id , lkag_cd_id , lkag_mst_id , lkag_cd_vl , lkag_cd_nm , expln , use_yn , del_yn , rgtr_id , reg_dt , mdfr_id , mdfcn_dt ) VALUES( '*' , 'NAVER_DELIVERY_COMPANY' , 2 , 'DELIVERY_COMPANY' , '택배사 코드' , '네이버 택배사 코드 그룹' , 'Y' , 'N' , 1 ,  TO_CHAR(NOW(),'YYYYMMDDHH24MISS') , 1 ,  TO_CHAR(NOW(),'YYYYMMDDHH24MISS') );

INSERT INTO plt_lkag_cd_mng ( lkag_group_cd_id , lkag_cd_id , lkag_mst_id , lkag_cd_vl , lkag_cd_nm , expln , use_yn , del_yn , rgtr_id , reg_dt , mdfr_id , mdfcn_dt ) VALUES( 'NAVER_DELIVERY_COMPANY' , 'NDC_CJGLS' , 2 , 'CJGLS' , 'CJ대한통운' , '네이버 택배사 코드' , 'Y' , 'N' , 1 ,  TO_CHAR(NOW(),'YYYYMMDDHH24MISS') , 1 ,  TO_CHAR(NOW(),'YYYYMMDDHH24MISS') );
INSERT INTO plt_lkag_cd_mng ( lkag_group_cd_id , lkag_cd_id , lkag_mst_id , lkag_cd_vl , lkag_cd_nm , expln , use_yn , del_yn , rgtr_id , reg_dt , mdfr_id , mdfcn_dt ) VALUES( 'NAVER_DELIVERY_COMPANY' , 'NDC_HYUNDAI' , 2 , 'HYUNDAI' , '롯데택배' , '네이버 택배사 코드' , 'Y' , 'N' , 1 ,  TO_CHAR(NOW(),'YYYYMMDDHH24MISS') , 1 ,  TO_CHAR(NOW(),'YYYYMMDDHH24MISS') );
INSERT INTO plt_lkag_cd_mng ( lkag_group_cd_id , lkag_cd_id , lkag_mst_id , lkag_cd_vl , lkag_cd_nm , expln , use_yn , del_yn , rgtr_id , reg_dt , mdfr_id , mdfcn_dt ) VALUES( 'NAVER_DELIVERY_COMPANY' , 'NDC_HANJIN' , 2 , 'HANJIN' , '한진택배' , '네이버 택배사 코드' , 'Y' , 'N' , 1 ,  TO_CHAR(NOW(),'YYYYMMDDHH24MISS') , 1 ,  TO_CHAR(NOW(),'YYYYMMDDHH24MISS') );
INSERT INTO plt_lkag_cd_mng ( lkag_group_cd_id , lkag_cd_id , lkag_mst_id , lkag_cd_vl , lkag_cd_nm , expln , use_yn , del_yn , rgtr_id , reg_dt , mdfr_id , mdfcn_dt ) VALUES( 'NAVER_DELIVERY_COMPANY' , 'NDC_KGB' , 2 , 'KGB' , '로젠택배' , '네이버 택배사 코드' , 'Y' , 'N' , 1 ,  TO_CHAR(NOW(),'YYYYMMDDHH24MISS') , 1 ,  TO_CHAR(NOW(),'YYYYMMDDHH24MISS') );
INSERT INTO plt_lkag_cd_mng ( lkag_group_cd_id , lkag_cd_id , lkag_mst_id , lkag_cd_vl , lkag_cd_nm , expln , use_yn , del_yn , rgtr_id , reg_dt , mdfr_id , mdfcn_dt ) VALUES( 'NAVER_DELIVERY_COMPANY' , 'NDC_EPOST' , 2 , 'EPOST' , '우체국택배' , '네이버 택배사 코드' , 'Y' , 'N' , 1 ,  TO_CHAR(NOW(),'YYYYMMDDHH24MISS') , 1 ,  TO_CHAR(NOW(),'YYYYMMDDHH24MISS') );
INSERT INTO plt_lkag_cd_mng ( lkag_group_cd_id , lkag_cd_id , lkag_mst_id , lkag_cd_vl , lkag_cd_nm , expln , use_yn , del_yn , rgtr_id , reg_dt , mdfr_id , mdfcn_dt ) VALUES( 'NAVER_DELIVERY_COMPANY' , 'NDC_MTINTER' , 2 , 'MTINTER' , '(주)엠티인터내셔널' , '네이버 택배사 코드' , 'Y' , 'N' , 1 ,  TO_CHAR(NOW(),'YYYYMMDDHH24MISS') , 1 ,  TO_CHAR(NOW(),'YYYYMMDDHH24MISS') );
INSERT INTO plt_lkag_cd_mng ( lkag_group_cd_id , lkag_cd_id , lkag_mst_id , lkag_cd_vl , lkag_cd_nm , expln , use_yn , del_yn , rgtr_id , reg_dt , mdfr_id , mdfcn_dt ) VALUES( 'NAVER_DELIVERY_COMPANY' , 'NDC_1004HOME' , 2 , '1004HOME' , '1004HOME' , '네이버 택배사 코드' , 'Y' , 'N' , 1 ,  TO_CHAR(NOW(),'YYYYMMDDHH24MISS') , 1 ,  TO_CHAR(NOW(),'YYYYMMDDHH24MISS') );
INSERT INTO plt_lkag_cd_mng ( lkag_group_cd_id , lkag_cd_id , lkag_mst_id , lkag_cd_vl , lkag_cd_nm , expln , use_yn , del_yn , rgtr_id , reg_dt , mdfr_id , mdfcn_dt ) VALUES( 'NAVER_DELIVERY_COMPANY' , 'NDC_TWOFASTEXPRESS' , 2 , 'TWOFASTEXPRESS' , '2FAST익스프레스' , '네이버 택배사 코드' , 'Y' , 'N' , 1 ,  TO_CHAR(NOW(),'YYYYMMDDHH24MISS') , 1 ,  TO_CHAR(NOW(),'YYYYMMDDHH24MISS') );
INSERT INTO plt_lkag_cd_mng ( lkag_group_cd_id , lkag_cd_id , lkag_mst_id , lkag_cd_vl , lkag_cd_nm , expln , use_yn , del_yn , rgtr_id , reg_dt , mdfr_id , mdfcn_dt ) VALUES( 'NAVER_DELIVERY_COMPANY' , 'NDC_ACE' , 2 , 'ACE' , 'ACEexpress' , '네이버 택배사 코드' , 'Y' , 'N' , 1 ,  TO_CHAR(NOW(),'YYYYMMDDHH24MISS') , 1 ,  TO_CHAR(NOW(),'YYYYMMDDHH24MISS') );
INSERT INTO plt_lkag_cd_mng ( lkag_group_cd_id , lkag_cd_id , lkag_mst_id , lkag_cd_vl , lkag_cd_nm , expln , use_yn , del_yn , rgtr_id , reg_dt , mdfr_id , mdfcn_dt ) VALUES( 'NAVER_DELIVERY_COMPANY' , 'NDC_ACIEXPRESS' , 2 , 'ACIEXPRESS' , 'ACI' , '네이버 택배사 코드' , 'Y' , 'N' , 1 ,  TO_CHAR(NOW(),'YYYYMMDDHH24MISS') , 1 ,  TO_CHAR(NOW(),'YYYYMMDDHH24MISS') );
INSERT INTO plt_lkag_cd_mng ( lkag_group_cd_id , lkag_cd_id , lkag_mst_id , lkag_cd_vl , lkag_cd_nm , expln , use_yn , del_yn , rgtr_id , reg_dt , mdfr_id , mdfcn_dt ) VALUES( 'NAVER_DELIVERY_COMPANY' , 'NDC_ADCAIR' , 2 , 'ADCAIR' , 'ADC항운택배' , '네이버 택배사 코드' , 'Y' , 'N' , 1 ,  TO_CHAR(NOW(),'YYYYMMDDHH24MISS') , 1 ,  TO_CHAR(NOW(),'YYYYMMDDHH24MISS') );
INSERT INTO plt_lkag_cd_mng ( lkag_group_cd_id , lkag_cd_id , lkag_mst_id , lkag_cd_vl , lkag_cd_nm , expln , use_yn , del_yn , rgtr_id , reg_dt , mdfr_id , mdfcn_dt ) VALUES( 'NAVER_DELIVERY_COMPANY' , 'NDC_AIRWAY' , 2 , 'AIRWAY' , 'AIRWAY익스프레스' , '네이버 택배사 코드' , 'Y' , 'N' , 1 ,  TO_CHAR(NOW(),'YYYYMMDDHH24MISS') , 1 ,  TO_CHAR(NOW(),'YYYYMMDDHH24MISS') );
INSERT INTO plt_lkag_cd_mng ( lkag_group_cd_id , lkag_cd_id , lkag_mst_id , lkag_cd_vl , lkag_cd_nm , expln , use_yn , del_yn , rgtr_id , reg_dt , mdfr_id , mdfcn_dt ) VALUES( 'NAVER_DELIVERY_COMPANY' , 'NDC_APEX' , 2 , 'APEX' , 'APEX' , '네이버 택배사 코드' , 'Y' , 'N' , 1 ,  TO_CHAR(NOW(),'YYYYMMDDHH24MISS') , 1 ,  TO_CHAR(NOW(),'YYYYMMDDHH24MISS') );
INSERT INTO plt_lkag_cd_mng ( lkag_group_cd_id , lkag_cd_id , lkag_mst_id , lkag_cd_vl , lkag_cd_nm , expln , use_yn , del_yn , rgtr_id , reg_dt , mdfr_id , mdfcn_dt ) VALUES( 'NAVER_DELIVERY_COMPANY' , 'NDC_ARGO' , 2 , 'ARGO' , 'ARGO' , '네이버 택배사 코드' , 'Y' , 'N' , 1 ,  TO_CHAR(NOW(),'YYYYMMDDHH24MISS') , 1 ,  TO_CHAR(NOW(),'YYYYMMDDHH24MISS') );
INSERT INTO plt_lkag_cd_mng ( lkag_group_cd_id , lkag_cd_id , lkag_mst_id , lkag_cd_vl , lkag_cd_nm , expln , use_yn , del_yn , rgtr_id , reg_dt , mdfr_id , mdfcn_dt ) VALUES( 'NAVER_DELIVERY_COMPANY' , 'NDC_AIRBOY' , 2 , 'AIRBOY' , 'AirboyExpress' , '네이버 택배사 코드' , 'Y' , 'N' , 1 ,  TO_CHAR(NOW(),'YYYYMMDDHH24MISS') , 1 ,  TO_CHAR(NOW(),'YYYYMMDDHH24MISS') );
INSERT INTO plt_lkag_cd_mng ( lkag_group_cd_id , lkag_cd_id , lkag_mst_id , lkag_cd_vl , lkag_cd_nm , expln , use_yn , del_yn , rgtr_id , reg_dt , mdfr_id , mdfcn_dt ) VALUES( 'NAVER_DELIVERY_COMPANY' , 'NDC_KOREXG' , 2 , 'KOREXG' , 'CJ대한통운(국제택배)' , '네이버 택배사 코드' , 'Y' , 'N' , 1 ,  TO_CHAR(NOW(),'YYYYMMDDHH24MISS') , 1 ,  TO_CHAR(NOW(),'YYYYMMDDHH24MISS') );
INSERT INTO plt_lkag_cd_mng ( lkag_group_cd_id , lkag_cd_id , lkag_mst_id , lkag_cd_vl , lkag_cd_nm , expln , use_yn , del_yn , rgtr_id , reg_dt , mdfr_id , mdfcn_dt ) VALUES( 'NAVER_DELIVERY_COMPANY' , 'NDC_CUPARCEL' , 2 , 'CUPARCEL' , 'CU편의점택배' , '네이버 택배사 코드' , 'Y' , 'N' , 1 ,  TO_CHAR(NOW(),'YYYYMMDDHH24MISS') , 1 ,  TO_CHAR(NOW(),'YYYYMMDDHH24MISS') );
INSERT INTO plt_lkag_cd_mng ( lkag_group_cd_id , lkag_cd_id , lkag_mst_id , lkag_cd_vl , lkag_cd_nm , expln , use_yn , del_yn , rgtr_id , reg_dt , mdfr_id , mdfcn_dt ) VALUES( 'NAVER_DELIVERY_COMPANY' , 'NDC_CWAYEXPRESS' , 2 , 'CWAYEXPRESS' , 'CwayExpress' , '네이버 택배사 코드' , 'Y' , 'N' , 1 ,  TO_CHAR(NOW(),'YYYYMMDDHH24MISS') , 1 ,  TO_CHAR(NOW(),'YYYYMMDDHH24MISS') );
INSERT INTO plt_lkag_cd_mng ( lkag_group_cd_id , lkag_cd_id , lkag_mst_id , lkag_cd_vl , lkag_cd_nm , expln , use_yn , del_yn , rgtr_id , reg_dt , mdfr_id , mdfcn_dt ) VALUES( 'NAVER_DELIVERY_COMPANY' , 'NDC_DHL' , 2 , 'DHL' , 'DHL' , '네이버 택배사 코드' , 'Y' , 'N' , 1 ,  TO_CHAR(NOW(),'YYYYMMDDHH24MISS') , 1 ,  TO_CHAR(NOW(),'YYYYMMDDHH24MISS') );
INSERT INTO plt_lkag_cd_mng ( lkag_group_cd_id , lkag_cd_id , lkag_mst_id , lkag_cd_vl , lkag_cd_nm , expln , use_yn , del_yn , rgtr_id , reg_dt , mdfr_id , mdfcn_dt ) VALUES( 'NAVER_DELIVERY_COMPANY' , 'NDC_DHLDE' , 2 , 'DHLDE' , 'DHL(독일)' , '네이버 택배사 코드' , 'Y' , 'N' , 1 ,  TO_CHAR(NOW(),'YYYYMMDDHH24MISS') , 1 ,  TO_CHAR(NOW(),'YYYYMMDDHH24MISS') );
INSERT INTO plt_lkag_cd_mng ( lkag_group_cd_id , lkag_cd_id , lkag_mst_id , lkag_cd_vl , lkag_cd_nm , expln , use_yn , del_yn , rgtr_id , reg_dt , mdfr_id , mdfcn_dt ) VALUES( 'NAVER_DELIVERY_COMPANY' , 'NDC_DHLGLOBALMAIL' , 2 , 'DHLGLOBALMAIL' , 'DHLGlobalMail' , '네이버 택배사 코드' , 'Y' , 'N' , 1 ,  TO_CHAR(NOW(),'YYYYMMDDHH24MISS') , 1 ,  TO_CHAR(NOW(),'YYYYMMDDHH24MISS') );
INSERT INTO plt_lkag_cd_mng ( lkag_group_cd_id , lkag_cd_id , lkag_mst_id , lkag_cd_vl , lkag_cd_nm , expln , use_yn , del_yn , rgtr_id , reg_dt , mdfr_id , mdfcn_dt ) VALUES( 'NAVER_DELIVERY_COMPANY' , 'NDC_DPD' , 2 , 'DPD' , 'DPD' , '네이버 택배사 코드' , 'Y' , 'N' , 1 , TO_CHAR(NOW(),'YYYYMMDDHH24MISS') , 1 , TO_CHAR(NOW(),'YYYYMMDDHH24MISS'));
INSERT INTO plt_lkag_cd_mng ( lkag_group_cd_id , lkag_cd_id , lkag_mst_id , lkag_cd_vl , lkag_cd_nm , expln , use_yn , del_yn , rgtr_id , reg_dt , mdfr_id , mdfcn_dt ) VALUES( 'NAVER_DELIVERY_COMPANY' , 'NDC_ECMSEXPRESS' , 2 , 'ECMSEXPRESS' , 'ECMSExpress' , '네이버 택배사 코드' , 'Y' , 'N' , 1 ,  TO_CHAR(NOW(),'YYYYMMDDHH24MISS') , 1 ,  TO_CHAR(NOW(),'YYYYMMDDHH24MISS') );
INSERT INTO plt_lkag_cd_mng ( lkag_group_cd_id , lkag_cd_id , lkag_mst_id , lkag_cd_vl , lkag_cd_nm , expln , use_yn , del_yn , rgtr_id , reg_dt , mdfr_id , mdfcn_dt ) VALUES ('NAVER_DELIVERY_COMPANY' , 'NDC_EFS' , 2 , 'EFS' , 'EFS' , '네이버 택배사 코드' , 'Y' , 'N' , 1 , TO_CHAR(NOW(),'YYYYMMDDHH24MISS') , 1 , TO_CHAR(NOW(),'YYYYMMDDHH24MISS'));
INSERT INTO plt_lkag_cd_mng ( lkag_group_cd_id , lkag_cd_id , lkag_mst_id , lkag_cd_vl , lkag_cd_nm , expln , use_yn , del_yn , rgtr_id , reg_dt , mdfr_id , mdfcn_dt ) VALUES ('NAVER_DELIVERY_COMPANY' , 'NDC_EMS' , 2 , 'EMS' , 'EMS' , '네이버 택배사 코드' , 'Y' , 'N' , 1 , TO_CHAR(NOW(),'YYYYMMDDHH24MISS') , 1 , TO_CHAR(NOW(),'YYYYMMDDHH24MISS'));
INSERT INTO plt_lkag_cd_mng ( lkag_group_cd_id , lkag_cd_id , lkag_mst_id , lkag_cd_vl , lkag_cd_nm , expln , use_yn , del_yn , rgtr_id , reg_dt , mdfr_id , mdfcn_dt ) VALUES ('NAVER_DELIVERY_COMPANY' , 'NDC_EZUSA' , 2 , 'EZUSA' , 'EZUSA' , '네이버 택배사 코드' , 'Y' , 'N' , 1 , TO_CHAR(NOW(),'YYYYMMDDHH24MISS') , 1 , TO_CHAR(NOW(),'YYYYMMDDHH24MISS'));
INSERT INTO plt_lkag_cd_mng ( lkag_group_cd_id , lkag_cd_id , lkag_mst_id , lkag_cd_vl , lkag_cd_nm , expln , use_yn , del_yn , rgtr_id , reg_dt , mdfr_id , mdfcn_dt ) VALUES ('NAVER_DELIVERY_COMPANY' , 'NDC_EUROPARCEL' , 2 , 'EUROPARCEL' , 'EuroParcel' , '네이버 택배사 코드' , 'Y' , 'N' , 1 , TO_CHAR(NOW(),'YYYYMMDDHH24MISS') , 1 , TO_CHAR(NOW(),'YYYYMMDDHH24MISS'));
INSERT INTO plt_lkag_cd_mng ( lkag_group_cd_id , lkag_cd_id , lkag_mst_id , lkag_cd_vl , lkag_cd_nm , expln , use_yn , del_yn , rgtr_id , reg_dt , mdfr_id , mdfcn_dt ) VALUES ('NAVER_DELIVERY_COMPANY' , 'NDC_FEDEX' , 2 , 'FEDEX' , 'FEDEX' , '네이버 택배사 코드' , 'Y' , 'N' , 1 , TO_CHAR(NOW(),'YYYYMMDDHH24MISS') , 1 , TO_CHAR(NOW(),'YYYYMMDDHH24MISS'));
INSERT INTO plt_lkag_cd_mng ( lkag_group_cd_id , lkag_cd_id , lkag_mst_id , lkag_cd_vl , lkag_cd_nm , expln , use_yn , del_yn , rgtr_id , reg_dt , mdfr_id , mdfcn_dt ) VALUES ('NAVER_DELIVERY_COMPANY' , 'NDC_GOP' , 2 , 'GOP' , 'GOP당일택배' , '네이버 택배사 코드' , 'Y' , 'N' , 1 , TO_CHAR(NOW(),'YYYYMMDDHH24MISS') , 1 , TO_CHAR(NOW(),'YYYYMMDDHH24MISS'));
INSERT INTO plt_lkag_cd_mng ( lkag_group_cd_id , lkag_cd_id , lkag_mst_id , lkag_cd_vl , lkag_cd_nm , expln , use_yn , del_yn , rgtr_id , reg_dt , mdfr_id , mdfcn_dt ) VALUES ('NAVER_DELIVERY_COMPANY' , 'NDC_GOS' , 2 , 'GOS' , 'GOS당일택배' , '네이버 택배사 코드' , 'Y' , 'N' , 1 , TO_CHAR(NOW(),'YYYYMMDDHH24MISS') , 1 , TO_CHAR(NOW(),'YYYYMMDDHH24MISS'));
INSERT INTO plt_lkag_cd_mng ( lkag_group_cd_id , lkag_cd_id , lkag_mst_id , lkag_cd_vl , lkag_cd_nm , expln , use_yn , del_yn , rgtr_id , reg_dt , mdfr_id , mdfcn_dt ) VALUES ('NAVER_DELIVERY_COMPANY' , 'NDC_GPSLOGIX' , 2 , 'GPSLOGIX' , 'GPSLOGIX' , '네이버 택배사 코드' , 'Y' , 'N' , 1 , TO_CHAR(NOW(),'YYYYMMDDHH24MISS') , 1 , TO_CHAR(NOW(),'YYYYMMDDHH24MISS'));
INSERT INTO plt_lkag_cd_mng ( lkag_group_cd_id , lkag_cd_id , lkag_mst_id , lkag_cd_vl , lkag_cd_nm , expln , use_yn , del_yn , rgtr_id , reg_dt , mdfr_id , mdfcn_dt ) VALUES ('NAVER_DELIVERY_COMPANY' , 'NDC_GSFRESH' , 2 , 'GSFRESH' , 'GSFresh' , '네이버 택배사 코드' , 'Y' , 'N' , 1 , TO_CHAR(NOW(),'YYYYMMDDHH24MISS') , 1 , TO_CHAR(NOW(),'YYYYMMDDHH24MISS'));
INSERT INTO plt_lkag_cd_mng ( lkag_group_cd_id , lkag_cd_id , lkag_mst_id , lkag_cd_vl , lkag_cd_nm , expln , use_yn , del_yn , rgtr_id , reg_dt , mdfr_id , mdfcn_dt ) VALUES ('NAVER_DELIVERY_COMPANY' , 'NDC_GSIEXPRESS' , 2 , 'GSIEXPRESS' , 'GSI익스프레스' , '네이버 택배사 코드' , 'Y' , 'N' , 1 , TO_CHAR(NOW(),'YYYYMMDDHH24MISS') , 1 , TO_CHAR(NOW(),'YYYYMMDDHH24MISS'));
INSERT INTO plt_lkag_cd_mng ( lkag_group_cd_id , lkag_cd_id , lkag_mst_id , lkag_cd_vl , lkag_cd_nm , expln , use_yn , del_yn , rgtr_id , reg_dt , mdfr_id , mdfcn_dt ) VALUES ('NAVER_DELIVERY_COMPANY' , 'NDC_GSMNTON' , 2 , 'GSMNTON' , 'GSMNTON' , '네이버 택배사 코드' , 'Y' , 'N' , 1 , TO_CHAR(NOW(),'YYYYMMDDHH24MISS') , 1 , TO_CHAR(NOW(),'YYYYMMDDHH24MISS'));
INSERT INTO plt_lkag_cd_mng ( lkag_group_cd_id , lkag_cd_id , lkag_mst_id , lkag_cd_vl , lkag_cd_nm , expln , use_yn , del_yn , rgtr_id , reg_dt , mdfr_id , mdfcn_dt ) VALUES ('NAVER_DELIVERY_COMPANY' , 'NDC_GSPOSTBOX' , 2 , 'GSPOSTBOX' , 'GSPostbox퀵' , '네이버 택배사 코드' , 'Y' , 'N' , 1 , TO_CHAR(NOW(),'YYYYMMDDHH24MISS') , 1 , TO_CHAR(NOW(),'YYYYMMDDHH24MISS'));
INSERT INTO plt_lkag_cd_mng ( lkag_group_cd_id , lkag_cd_id , lkag_mst_id , lkag_cd_vl , lkag_cd_nm , expln , use_yn , del_yn , rgtr_id , reg_dt , mdfr_id , mdfcn_dt ) VALUES ('NAVER_DELIVERY_COMPANY' , 'NDC_CVSNET' , 2 , 'CVSNET' , 'GSPostbox택배' , '네이버 택배사 코드' , 'Y' , 'N' , 1 , TO_CHAR(NOW(),'YYYYMMDDHH24MISS') , 1 , TO_CHAR(NOW(),'YYYYMMDDHH24MISS'));
INSERT INTO plt_lkag_cd_mng ( lkag_group_cd_id , lkag_cd_id , lkag_mst_id , lkag_cd_vl , lkag_cd_nm , expln , use_yn , del_yn , rgtr_id , reg_dt , mdfr_id , mdfcn_dt ) VALUES ('NAVER_DELIVERY_COMPANY' , 'NDC_GTSLOGIS' , 2 , 'GTSLOGIS' , 'GTS로지스' , '네이버 택배사 코드' , 'Y' , 'N' , 1 , TO_CHAR(NOW(),'YYYYMMDDHH24MISS') , 1 , TO_CHAR(NOW(),'YYYYMMDDHH24MISS'));
INSERT INTO plt_lkag_cd_mng ( lkag_group_cd_id , lkag_cd_id , lkag_mst_id , lkag_cd_vl , lkag_cd_nm , expln , use_yn , del_yn , rgtr_id , reg_dt , mdfr_id , mdfcn_dt ) VALUES ('NAVER_DELIVERY_COMPANY' , 'NDC_HYBRID' , 2 , 'HYBRID' , 'HI택배' , '네이버 택배사 코드' , 'Y' , 'N' , 1 , TO_CHAR(NOW(),'YYYYMMDDHH24MISS') , 1 , TO_CHAR(NOW(),'YYYYMMDDHH24MISS'));
INSERT INTO plt_lkag_cd_mng ( lkag_group_cd_id , lkag_cd_id , lkag_mst_id , lkag_cd_vl , lkag_cd_nm , expln , use_yn , del_yn , rgtr_id , reg_dt , mdfr_id , mdfcn_dt ) VALUES ('NAVER_DELIVERY_COMPANY' , 'NDC_HY' , 2 , 'HY' , 'HY' , '네이버 택배사 코드' , 'Y' , 'N' , 1 , TO_CHAR(NOW(),'YYYYMMDDHH24MISS') , 1 , TO_CHAR(NOW(),'YYYYMMDDHH24MISS'));
INSERT INTO plt_lkag_cd_mng ( lkag_group_cd_id , lkag_cd_id , lkag_mst_id , lkag_cd_vl , lkag_cd_nm , expln , use_yn , del_yn , rgtr_id , reg_dt , mdfr_id , mdfcn_dt ) VALUES ('NAVER_DELIVERY_COMPANY' , 'NDC_IK' , 2 , 'IK' , 'IK물류' , '네이버 택배사 코드' , 'Y' , 'N' , 1 , TO_CHAR(NOW(),'YYYYMMDDHH24MISS') , 1 , TO_CHAR(NOW(),'YYYYMMDDHH24MISS'));
INSERT INTO plt_lkag_cd_mng ( lkag_group_cd_id , lkag_cd_id , lkag_mst_id , lkag_cd_vl , lkag_cd_nm , expln , use_yn , del_yn , rgtr_id , reg_dt , mdfr_id , mdfcn_dt ) VALUES ('NAVER_DELIVERY_COMPANY' , 'NDC_KGLNET' , 2 , 'KGLNET' , 'KGL네트웍스' , '네이버 택배사 코드' , 'Y' , 'N' , 1 , TO_CHAR(NOW(),'YYYYMMDDHH24MISS') , 1 , TO_CHAR(NOW(),'YYYYMMDDHH24MISS'));
INSERT INTO plt_lkag_cd_mng ( lkag_group_cd_id , lkag_cd_id , lkag_mst_id , lkag_cd_vl , lkag_cd_nm , expln , use_yn , del_yn , rgtr_id , reg_dt , mdfr_id , mdfcn_dt ) VALUES ('NAVER_DELIVERY_COMPANY' , 'NDC_LGE' , 2 , 'LGE' , 'LG전자배송센터' , '네이버 택배사 코드' , 'Y' , 'N' , 1 , TO_CHAR(NOW(),'YYYYMMDDHH24MISS') , 1 , TO_CHAR(NOW(),'YYYYMMDDHH24MISS'));
INSERT INTO plt_lkag_cd_mng ( lkag_group_cd_id , lkag_cd_id , lkag_mst_id , lkag_cd_vl , lkag_cd_nm , expln , use_yn , del_yn , rgtr_id , reg_dt , mdfr_id , mdfcn_dt ) VALUES ('NAVER_DELIVERY_COMPANY' , 'NDC_LTL' , 2 , 'LTL' , 'LTL' , '네이버 택배사 코드' , 'Y' , 'N' , 1 , TO_CHAR(NOW(),'YYYYMMDDHH24MISS') , 1 , TO_CHAR(NOW(),'YYYYMMDDHH24MISS'));
INSERT INTO plt_lkag_cd_mng ( lkag_group_cd_id , lkag_cd_id , lkag_mst_id , lkag_cd_vl , lkag_cd_nm , expln , use_yn , del_yn , rgtr_id , reg_dt , mdfr_id , mdfcn_dt ) VALUES ('NAVER_DELIVERY_COMPANY' , 'NDC_NDEXKOREA' , 2 , 'NDEXKOREA' , 'NDEX KOREA' , '네이버 택배사 코드' , 'Y' , 'N' , 1 , TO_CHAR(NOW(),'YYYYMMDDHH24MISS') , 1 , TO_CHAR(NOW(),'YYYYMMDDHH24MISS'));
INSERT INTO plt_lkag_cd_mng ( lkag_group_cd_id , lkag_cd_id , lkag_mst_id , lkag_cd_vl , lkag_cd_nm , expln , use_yn , del_yn , rgtr_id , reg_dt , mdfr_id , mdfcn_dt ) VALUES ('NAVER_DELIVERY_COMPANY' , 'NDC_SBGLS' , 2 , 'SBGLS' , 'SBGLS' , '네이버 택배사 코드' , 'Y' , 'N' , 1 , TO_CHAR(NOW(),'YYYYMMDDHH24MISS') , 1 , TO_CHAR(NOW(),'YYYYMMDDHH24MISS'));
INSERT INTO plt_lkag_cd_mng ( lkag_group_cd_id , lkag_cd_id , lkag_mst_id , lkag_cd_vl , lkag_cd_nm , expln , use_yn , del_yn , rgtr_id , reg_dt , mdfr_id , mdfcn_dt ) VALUES ('NAVER_DELIVERY_COMPANY' , 'NDC_SFEX' , 2 , 'SFEX' , 'SFexpress' , '네이버 택배사 코드' , 'Y' , 'N' , 1 , TO_CHAR(NOW(),'YYYYMMDDHH24MISS') , 1 , TO_CHAR(NOW(),'YYYYMMDDHH24MISS'));
INSERT INTO plt_lkag_cd_mng ( lkag_group_cd_id , lkag_cd_id , lkag_mst_id , lkag_cd_vl , lkag_cd_nm , expln , use_yn , del_yn , rgtr_id , reg_dt , mdfr_id , mdfcn_dt ) VALUES ('NAVER_DELIVERY_COMPANY' , 'NDC_SLX' , 2 , 'SLX' , 'SLX택배' , '네이버 택배사 코드' , 'Y' , 'N' , 1 , TO_CHAR(NOW(),'YYYYMMDDHH24MISS') , 1 , TO_CHAR(NOW(),'YYYYMMDDHH24MISS'));
INSERT INTO plt_lkag_cd_mng ( lkag_group_cd_id , lkag_cd_id , lkag_mst_id , lkag_cd_vl , lkag_cd_nm , expln , use_yn , del_yn , rgtr_id , reg_dt , mdfr_id , mdfcn_dt ) VALUES ('NAVER_DELIVERY_COMPANY' , 'NDC_TNT' , 2 , 'TNT' , 'TNT' , '네이버 택배사 코드' , 'Y' , 'N' , 1 , TO_CHAR(NOW(),'YYYYMMDDHH24MISS') , 1 , TO_CHAR(NOW(),'YYYYMMDDHH24MISS'));
INSERT INTO plt_lkag_cd_mng ( lkag_group_cd_id , lkag_cd_id , lkag_mst_id , lkag_cd_vl , lkag_cd_nm , expln , use_yn , del_yn , rgtr_id , reg_dt , mdfr_id , mdfcn_dt ) VALUES ('NAVER_DELIVERY_COMPANY' , 'NDC_LOGISPARTNER' , 2 , 'LOGISPARTNER' , 'UFO로지스' , '네이버 택배사 코드' , 'Y' , 'N' , 1 , TO_CHAR(NOW(),'YYYYMMDDHH24MISS') , 1 , TO_CHAR(NOW(),'YYYYMMDDHH24MISS'));
INSERT INTO plt_lkag_cd_mng ( lkag_group_cd_id , lkag_cd_id , lkag_mst_id , lkag_cd_vl , lkag_cd_nm , expln , use_yn , del_yn , rgtr_id , reg_dt , mdfr_id , mdfcn_dt ) VALUES ('NAVER_DELIVERY_COMPANY' , 'NDC_UPS' , 2 , 'UPS' , 'UPS' , '네이버 택배사 코드' , 'Y' , 'N' , 1 , TO_CHAR(NOW(),'YYYYMMDDHH24MISS') , 1 , TO_CHAR(NOW(),'YYYYMMDDHH24MISS'));
INSERT INTO plt_lkag_cd_mng ( lkag_group_cd_id , lkag_cd_id , lkag_mst_id , lkag_cd_vl , lkag_cd_nm , expln , use_yn , del_yn , rgtr_id , reg_dt , mdfr_id , mdfcn_dt ) VALUES ('NAVER_DELIVERY_COMPANY' , 'NDC_USPS' , 2 , 'USPS' , 'USPS' , '네이버 택배사 코드' , 'Y' , 'N' , 1 , TO_CHAR(NOW(),'YYYYMMDDHH24MISS') , 1 , TO_CHAR(NOW(),'YYYYMMDDHH24MISS'));
INSERT INTO plt_lkag_cd_mng ( lkag_group_cd_id , lkag_cd_id , lkag_mst_id , lkag_cd_vl , lkag_cd_nm , expln , use_yn , del_yn , rgtr_id , reg_dt , mdfr_id , mdfcn_dt ) VALUES ('NAVER_DELIVERY_COMPANY' , 'NDC_WIZWA' , 2 , 'WIZWA' , 'WIZWA' , '네이버 택배사 코드' , 'Y' , 'N' , 1 , TO_CHAR(NOW(),'YYYYMMDDHH24MISS') , 1 , TO_CHAR(NOW(),'YYYYMMDDHH24MISS'));
INSERT INTO plt_lkag_cd_mng ( lkag_group_cd_id , lkag_cd_id , lkag_mst_id , lkag_cd_vl , lkag_cd_nm , expln , use_yn , del_yn , rgtr_id , reg_dt , mdfr_id , mdfcn_dt ) VALUES ('NAVER_DELIVERY_COMPANY' , 'NDC_YJSWORLD' , 2 , 'YJSWORLD' , 'YJS글로벌' , '네이버 택배사 코드' , 'Y' , 'N' , 1 , TO_CHAR(NOW(),'YYYYMMDDHH24MISS') , 1 , TO_CHAR(NOW(),'YYYYMMDDHH24MISS'));
INSERT INTO plt_lkag_cd_mng ( lkag_group_cd_id , lkag_cd_id , lkag_mst_id , lkag_cd_vl , lkag_cd_nm , expln , use_yn , del_yn , rgtr_id , reg_dt , mdfr_id , mdfcn_dt ) VALUES ('NAVER_DELIVERY_COMPANY' , 'NDC_YJS' , 2 , 'YJS' , 'YJS글로벌(영국)' , '네이버 택배사 코드' , 'Y' , 'N' , 1 , TO_CHAR(NOW(),'YYYYMMDDHH24MISS') , 1 , TO_CHAR(NOW(),'YYYYMMDDHH24MISS'));
INSERT INTO plt_lkag_cd_mng ( lkag_group_cd_id , lkag_cd_id , lkag_mst_id , lkag_cd_vl , lkag_cd_nm , expln , use_yn , del_yn , rgtr_id , reg_dt , mdfr_id , mdfcn_dt ) VALUES ('NAVER_DELIVERY_COMPANY' , 'NDC_YUNDA' , 2 , 'YUNDA' , 'YUNDAEXPRESS' , '네이버 택배사 코드' , 'Y' , 'N' , 1 , TO_CHAR(NOW(),'YYYYMMDDHH24MISS') , 1 , TO_CHAR(NOW(),'YYYYMMDDHH24MISS'));
INSERT INTO plt_lkag_cd_mng ( lkag_group_cd_id , lkag_cd_id , lkag_mst_id , lkag_cd_vl , lkag_cd_nm , expln , use_yn , del_yn , rgtr_id , reg_dt , mdfr_id , mdfcn_dt ) VALUES ('NAVER_DELIVERY_COMPANY' , 'NDC_IPARCEL' , 2 , 'IPARCEL' , 'i-parcel' , '네이버 택배사 코드' , 'Y' , 'N' , 1 , TO_CHAR(NOW(),'YYYYMMDDHH24MISS') , 1 , TO_CHAR(NOW(),'YYYYMMDDHH24MISS'));
INSERT INTO plt_lkag_cd_mng ( lkag_group_cd_id , lkag_cd_id , lkag_mst_id , lkag_cd_vl , lkag_cd_nm , expln , use_yn , del_yn , rgtr_id , reg_dt , mdfr_id , mdfcn_dt ) VALUES ('NAVER_DELIVERY_COMPANY' , 'NDC_KY' , 2 , 'KY' , '건영복합물류' , '네이버 택배사 코드' , 'Y' , 'N' , 1 , TO_CHAR(NOW(),'YYYYMMDDHH24MISS') , 1 , TO_CHAR(NOW(),'YYYYMMDDHH24MISS'));
INSERT INTO plt_lkag_cd_mng ( lkag_group_cd_id , lkag_cd_id , lkag_mst_id , lkag_cd_vl , lkag_cd_nm , expln , use_yn , del_yn , rgtr_id , reg_dt , mdfr_id , mdfcn_dt ) VALUES ('NAVER_DELIVERY_COMPANY' , 'NDC_KUNYOUNG' , 2 , 'KUNYOUNG' , '건영택배' , '네이버 택배사 코드' , 'Y' , 'N' , 1 , TO_CHAR(NOW(),'YYYYMMDDHH24MISS') , 1 , TO_CHAR(NOW(),'YYYYMMDDHH24MISS'));
INSERT INTO plt_lkag_cd_mng ( lkag_group_cd_id , lkag_cd_id , lkag_mst_id , lkag_cd_vl , lkag_cd_nm , expln , use_yn , del_yn , rgtr_id , reg_dt , mdfr_id , mdfcn_dt ) VALUES ('NAVER_DELIVERY_COMPANY' , 'NDC_KDEXP' , 2 , 'KDEXP' , '경동택배' , '네이버 택배사 코드' , 'Y' , 'N' , 1 , TO_CHAR(NOW(),'YYYYMMDDHH24MISS') , 1 , TO_CHAR(NOW(),'YYYYMMDDHH24MISS'));
INSERT INTO plt_lkag_cd_mng ( lkag_group_cd_id , lkag_cd_id , lkag_mst_id , lkag_cd_vl , lkag_cd_nm , expln , use_yn , del_yn , rgtr_id , reg_dt , mdfr_id , mdfcn_dt ) VALUES ('NAVER_DELIVERY_COMPANY' , 'NDC_KIN' , 2 , 'KIN' , '경인택배' , '네이버 택배사 코드' , 'Y' , 'N' , 1 , TO_CHAR(NOW(),'YYYYMMDDHH24MISS') , 1 , TO_CHAR(NOW(),'YYYYMMDDHH24MISS'));
INSERT INTO plt_lkag_cd_mng ( lkag_group_cd_id , lkag_cd_id , lkag_mst_id , lkag_cd_vl , lkag_cd_nm , expln , use_yn , del_yn , rgtr_id , reg_dt , mdfr_id , mdfcn_dt ) VALUES ('NAVER_DELIVERY_COMPANY' , 'NDC_KORYO' , 2 , 'KORYO' , '고려택배' , '네이버 택배사 코드' , 'Y' , 'N' , 1 , TO_CHAR(NOW(),'YYYYMMDDHH24MISS') , 1 , TO_CHAR(NOW(),'YYYYMMDDHH24MISS'));
INSERT INTO plt_lkag_cd_mng ( lkag_group_cd_id , lkag_cd_id , lkag_mst_id , lkag_cd_vl , lkag_cd_nm , expln , use_yn , del_yn , rgtr_id , reg_dt , mdfr_id , mdfcn_dt ) VALUES ('NAVER_DELIVERY_COMPANY' , 'NDC_GDSP' , 2 , 'GDSP' , '골드스넵스' , '네이버 택배사 코드' , 'Y' , 'N' , 1 , TO_CHAR(NOW(),'YYYYMMDDHH24MISS') , 1 , TO_CHAR(NOW(),'YYYYMMDDHH24MISS'));
INSERT INTO plt_lkag_cd_mng ( lkag_group_cd_id , lkag_cd_id , lkag_mst_id , lkag_cd_vl , lkag_cd_nm , expln , use_yn , del_yn , rgtr_id , reg_dt , mdfr_id , mdfcn_dt ) VALUES ('NAVER_DELIVERY_COMPANY' , 'NDC_KOKUSAI' , 2 , 'KOKUSAI' , '국제익스프레스' , '네이버 택배사 코드' , 'Y' , 'N' , 1 , TO_CHAR(NOW(),'YYYYMMDDHH24MISS') , 1 , TO_CHAR(NOW(),'YYYYMMDDHH24MISS'));
INSERT INTO plt_lkag_cd_mng ( lkag_group_cd_id , lkag_cd_id , lkag_mst_id , lkag_cd_vl , lkag_cd_nm , expln , use_yn , del_yn , rgtr_id , reg_dt , mdfr_id , mdfcn_dt ) VALUES ('NAVER_DELIVERY_COMPANY' , 'NDC_GOODTOLUCK' , 2 , 'GOODTOLUCK' , '굿투럭' , '네이버 택배사 코드' , 'Y' , 'N' , 1 , TO_CHAR(NOW(),'YYYYMMDDHH24MISS') , 1 , TO_CHAR(NOW(),'YYYYMMDDHH24MISS'));
INSERT INTO plt_lkag_cd_mng ( lkag_group_cd_id , lkag_cd_id , lkag_mst_id , lkag_cd_vl , lkag_cd_nm , expln , use_yn , del_yn , rgtr_id , reg_dt , mdfr_id , mdfcn_dt ) VALUES ('NAVER_DELIVERY_COMPANY' , 'NDC_NAEUN' , 2 , 'NAEUN' , '나은물류' , '네이버 택배사 코드' , 'Y' , 'N' , 1 , TO_CHAR(NOW(),'YYYYMMDDHH24MISS') , 1 , TO_CHAR(NOW(),'YYYYMMDDHH24MISS'));
INSERT INTO plt_lkag_cd_mng ( lkag_group_cd_id , lkag_cd_id , lkag_mst_id , lkag_cd_vl , lkag_cd_nm , expln , use_yn , del_yn , rgtr_id , reg_dt , mdfr_id , mdfcn_dt ) VALUES ('NAVER_DELIVERY_COMPANY' , 'NDC_NOGOK' , 2 , 'NOGOK' , '노곡물류' , '네이버 택배사 코드' , 'Y' , 'N' , 1 , TO_CHAR(NOW(),'YYYYMMDDHH24MISS') , 1 , TO_CHAR(NOW(),'YYYYMMDDHH24MISS'));
INSERT INTO plt_lkag_cd_mng ( lkag_group_cd_id , lkag_cd_id , lkag_mst_id , lkag_cd_vl , lkag_cd_nm , expln , use_yn , del_yn , rgtr_id , reg_dt , mdfr_id , mdfcn_dt ) VALUES ('NAVER_DELIVERY_COMPANY' , 'NDC_NONGHYUP' , 2 , 'NONGHYUP' , '농협택배' , '네이버 택배사 코드' , 'Y' , 'N' , 1 , TO_CHAR(NOW(),'YYYYMMDDHH24MISS') , 1 , TO_CHAR(NOW(),'YYYYMMDDHH24MISS'));
INSERT INTO plt_lkag_cd_mng ( lkag_group_cd_id , lkag_cd_id , lkag_mst_id , lkag_cd_vl , lkag_cd_nm , expln , use_yn , del_yn , rgtr_id , reg_dt , mdfr_id , mdfcn_dt ) VALUES ('NAVER_DELIVERY_COMPANY' , 'NDC_HANAROMART' , 2 , 'HANAROMART' , '농협하나로마트' , '네이버 택배사 코드' , 'Y' , 'N' , 1 , TO_CHAR(NOW(),'YYYYMMDDHH24MISS') , 1 , TO_CHAR(NOW(),'YYYYMMDDHH24MISS'));
INSERT INTO plt_lkag_cd_mng ( lkag_group_cd_id , lkag_cd_id , lkag_mst_id , lkag_cd_vl , lkag_cd_nm , expln , use_yn , del_yn , rgtr_id , reg_dt , mdfr_id , mdfcn_dt ) VALUES ('NAVER_DELIVERY_COMPANY' , 'NDC_DAELIM' , 2 , 'DAELIM' , '대림통운' , '네이버 택배사 코드' , 'Y' , 'N' , 1 , TO_CHAR(NOW(),'YYYYMMDDHH24MISS') , 1 , TO_CHAR(NOW(),'YYYYMMDDHH24MISS'));
INSERT INTO plt_lkag_cd_mng ( lkag_group_cd_id , lkag_cd_id , lkag_mst_id , lkag_cd_vl , lkag_cd_nm , expln , use_yn , del_yn , rgtr_id , reg_dt , mdfr_id , mdfcn_dt ) VALUES ('NAVER_DELIVERY_COMPANY' , 'NDC_DAESIN' , 2 , 'DAESIN' , '대신택배' , '네이버 택배사 코드' , 'Y' , 'N' , 1 , TO_CHAR(NOW(),'YYYYMMDDHH24MISS') , 1 , TO_CHAR(NOW(),'YYYYMMDDHH24MISS'));
INSERT INTO plt_lkag_cd_mng ( lkag_group_cd_id , lkag_cd_id , lkag_mst_id , lkag_cd_vl , lkag_cd_nm , expln , use_yn , del_yn , rgtr_id , reg_dt , mdfr_id , mdfcn_dt ) VALUES ('NAVER_DELIVERY_COMPANY' , 'NDC_DAEWOON' , 2 , 'DAEWOON' , '대운글로벌' , '네이버 택배사 코드' , 'Y' , 'N' , 1 , TO_CHAR(NOW(),'YYYYMMDDHH24MISS') , 1 , TO_CHAR(NOW(),'YYYYMMDDHH24MISS'));
INSERT INTO plt_lkag_cd_mng ( lkag_group_cd_id , lkag_cd_id , lkag_mst_id , lkag_cd_vl , lkag_cd_nm , expln , use_yn , del_yn , rgtr_id , reg_dt , mdfr_id , mdfcn_dt ) VALUES ('NAVER_DELIVERY_COMPANY' , 'NDC_THEBAO' , 2 , 'THEBAO' , '더바오' , '네이버 택배사 코드' , 'Y' , 'N' , 1 , TO_CHAR(NOW(),'YYYYMMDDHH24MISS') , 1 , TO_CHAR(NOW(),'YYYYMMDDHH24MISS'));
INSERT INTO plt_lkag_cd_mng ( lkag_group_cd_id , lkag_cd_id , lkag_mst_id , lkag_cd_vl , lkag_cd_nm , expln , use_yn , del_yn , rgtr_id , reg_dt , mdfr_id , mdfcn_dt ) VALUES ('NAVER_DELIVERY_COMPANY' , 'NDC_DODOFLEX' , 2 , 'DODOFLEX' , '도도플렉스' , '네이버 택배사 코드' , 'Y' , 'N' , 1 , TO_CHAR(NOW(),'YYYYMMDDHH24MISS') , 1 , TO_CHAR(NOW(),'YYYYMMDDHH24MISS'));
INSERT INTO plt_lkag_cd_mng ( lkag_group_cd_id , lkag_cd_id , lkag_mst_id , lkag_cd_vl , lkag_cd_nm , expln , use_yn , del_yn , rgtr_id , reg_dt , mdfr_id , mdfcn_dt ) VALUES ('NAVER_DELIVERY_COMPANY' , 'NDC_DONGGANG' , 2 , 'DONGGANG' , '동강물류' , '네이버 택배사 코드' , 'Y' , 'N' , 1 , TO_CHAR(NOW(),'YYYYMMDDHH24MISS') , 1 , TO_CHAR(NOW(),'YYYYMMDDHH24MISS'));
INSERT INTO plt_lkag_cd_mng ( lkag_group_cd_id , lkag_cd_id , lkag_mst_id , lkag_cd_vl , lkag_cd_nm , expln , use_yn , del_yn , rgtr_id , reg_dt , mdfr_id , mdfcn_dt ) VALUES ('NAVER_DELIVERY_COMPANY' , 'NDC_DONGJIN' , 2 , 'DONGJIN' , '동진특송' , '네이버 택배사 코드' , 'Y' , 'N' , 1 , TO_CHAR(NOW(),'YYYYMMDDHH24MISS') , 1 , TO_CHAR(NOW(),'YYYYMMDDHH24MISS'));
INSERT INTO plt_lkag_cd_mng ( lkag_group_cd_id , lkag_cd_id , lkag_mst_id , lkag_cd_vl , lkag_cd_nm , expln , use_yn , del_yn , rgtr_id , reg_dt , mdfr_id , mdfcn_dt ) VALUES ('NAVER_DELIVERY_COMPANY' , 'NDC_CHAINLOGIS' , 2 , 'CHAINLOGIS' , '두발히어로당일택배' , '네이버 택배사 코드' , 'Y' , 'N' , 1 , TO_CHAR(NOW(),'YYYYMMDDHH24MISS') , 1 , TO_CHAR(NOW(),'YYYYMMDDHH24MISS'));
INSERT INTO plt_lkag_cd_mng ( lkag_group_cd_id , lkag_cd_id , lkag_mst_id , lkag_cd_vl , lkag_cd_nm , expln , use_yn , del_yn , rgtr_id , reg_dt , mdfr_id , mdfcn_dt ) VALUES ('NAVER_DELIVERY_COMPANY' , 'NDC_DRABBIT' , 2 , 'DRABBIT' , '딜리래빗' , '네이버 택배사 코드' , 'Y' , 'N' , 1 , TO_CHAR(NOW(),'YYYYMMDDHH24MISS') , 1 , TO_CHAR(NOW(),'YYYYMMDDHH24MISS'));
INSERT INTO plt_lkag_cd_mng ( lkag_group_cd_id , lkag_cd_id , lkag_mst_id , lkag_cd_vl , lkag_cd_nm , expln , use_yn , del_yn , rgtr_id , reg_dt , mdfr_id , mdfcn_dt ) VALUES ('NAVER_DELIVERY_COMPANY' , 'NDC_ONEDAYLOGIS' , 2 , 'ONEDAYLOGIS' , '라스트마일' , '네이버 택배사 코드' , 'Y' , 'N' , 1 , TO_CHAR(NOW(),'YYYYMMDDHH24MISS') , 1 , TO_CHAR(NOW(),'YYYYMMDDHH24MISS'));
INSERT INTO plt_lkag_cd_mng ( lkag_group_cd_id , lkag_cd_id , lkag_mst_id , lkag_cd_vl , lkag_cd_nm , expln , use_yn , del_yn , rgtr_id , reg_dt , mdfr_id , mdfcn_dt ) VALUES ('NAVER_DELIVERY_COMPANY' , 'NDC_LINEEXP' , 2 , 'LINEEXP' , '라인익스프레스' , '네이버 택배사 코드' , 'Y' , 'N' , 1 , TO_CHAR(NOW(),'YYYYMMDDHH24MISS') , 1 , TO_CHAR(NOW(),'YYYYMMDDHH24MISS'));
INSERT INTO plt_lkag_cd_mng ( lkag_group_cd_id , lkag_cd_id , lkag_mst_id , lkag_cd_vl , lkag_cd_nm , expln , use_yn , del_yn , rgtr_id , reg_dt , mdfr_id , mdfcn_dt ) VALUES ('NAVER_DELIVERY_COMPANY' , 'NDC_ROADSUNEXPRESS' , 2 , 'ROADSUNEXPRESS' , '로드썬익스프레스' , '네이버 택배사 코드' , 'Y' , 'N' , 1 , TO_CHAR(NOW(),'YYYYMMDDHH24MISS') , 1 , TO_CHAR(NOW(),'YYYYMMDDHH24MISS'));
INSERT INTO plt_lkag_cd_mng ( lkag_group_cd_id , lkag_cd_id , lkag_mst_id , lkag_cd_vl , lkag_cd_nm , expln , use_yn , del_yn , rgtr_id , reg_dt , mdfr_id , mdfcn_dt ) VALUES ('NAVER_DELIVERY_COMPANY' , 'NDC_LOGISVALLEY' , 2 , 'LOGISVALLEY' , '로지스밸리' , '네이버 택배사 코드' , 'Y' , 'N' , 1 , TO_CHAR(NOW(),'YYYYMMDDHH24MISS') , 1 , TO_CHAR(NOW(),'YYYYMMDDHH24MISS'));
INSERT INTO plt_lkag_cd_mng ( lkag_group_cd_id , lkag_cd_id , lkag_mst_id , lkag_cd_vl , lkag_cd_nm , expln , use_yn , del_yn , rgtr_id , reg_dt , mdfr_id , mdfcn_dt ) VALUES ('NAVER_DELIVERY_COMPANY' , 'NDC_LOTOS' , 2 , 'LOTOS' , '로토스' , '네이버 택배사 코드' , 'Y' , 'N' , 1 , TO_CHAR(NOW(),'YYYYMMDDHH24MISS') , 1 , TO_CHAR(NOW(),'YYYYMMDDHH24MISS'));
INSERT INTO plt_lkag_cd_mng ( lkag_group_cd_id , lkag_cd_id , lkag_mst_id , lkag_cd_vl , lkag_cd_nm , expln , use_yn , del_yn , rgtr_id , reg_dt , mdfr_id , mdfcn_dt ) VALUES ('NAVER_DELIVERY_COMPANY' , 'NDC_HLCGLOBAL' , 2 , 'HLCGLOBAL' , '롯데글로벌로지스(국제택배)' , '네이버 택배사 코드' , 'Y' , 'N' , 1 , TO_CHAR(NOW(),'YYYYMMDDHH24MISS') , 1 , TO_CHAR(NOW(),'YYYYMMDDHH24MISS'));
INSERT INTO plt_lkag_cd_mng ( lkag_group_cd_id , lkag_cd_id , lkag_mst_id , lkag_cd_vl , lkag_cd_nm , expln , use_yn , del_yn , rgtr_id , reg_dt , mdfr_id , mdfcn_dt ) VALUES ('NAVER_DELIVERY_COMPANY' , 'NDC_LOTTECHILSUNG' , 2 , 'LOTTECHILSUNG' , '롯데칠성' , '네이버 택배사 코드' , 'Y' , 'N' , 1 , TO_CHAR(NOW(),'YYYYMMDDHH24MISS') , 1 , TO_CHAR(NOW(),'YYYYMMDDHH24MISS'));
INSERT INTO plt_lkag_cd_mng ( lkag_group_cd_id , lkag_cd_id , lkag_mst_id , lkag_cd_vl , lkag_cd_nm , expln , use_yn , del_yn , rgtr_id , reg_dt , mdfr_id , mdfcn_dt ) VALUES ('NAVER_DELIVERY_COMPANY' , 'NDC_BABABA' , 2 , 'BABABA' , '바바바로지스' , '네이버 택배사 코드' , 'Y' , 'N' , 1 , TO_CHAR(NOW(),'YYYYMMDDHH24MISS') , 1 , TO_CHAR(NOW(),'YYYYMMDDHH24MISS'));
INSERT INTO plt_lkag_cd_mng ( lkag_group_cd_id , lkag_cd_id , lkag_mst_id , lkag_cd_vl , lkag_cd_nm , expln , use_yn , del_yn , rgtr_id , reg_dt , mdfr_id , mdfcn_dt ) VALUES ('NAVER_DELIVERY_COMPANY' , 'NDC_BANPOOM' , 2 , 'BANPOOM' , '반품구조대' , '네이버 택배사 코드' , 'Y' , 'N' , 1 , TO_CHAR(NOW(),'YYYYMMDDHH24MISS') , 1 , TO_CHAR(NOW(),'YYYYMMDDHH24MISS'));
INSERT INTO plt_lkag_cd_mng ( lkag_group_cd_id , lkag_cd_id , lkag_mst_id , lkag_cd_vl , lkag_cd_nm , expln , use_yn , del_yn , rgtr_id , reg_dt , mdfr_id , mdfcn_dt ) VALUES ('NAVER_DELIVERY_COMPANY' , 'NDC_VALEX' , 2 , 'VALEX' , '발렉스' , '네이버 택배사 코드' , 'Y' , 'N' , 1 , TO_CHAR(NOW(),'YYYYMMDDHH24MISS') , 1 , TO_CHAR(NOW(),'YYYYMMDDHH24MISS'));
INSERT INTO plt_lkag_cd_mng ( lkag_group_cd_id , lkag_cd_id , lkag_mst_id , lkag_cd_vl , lkag_cd_nm , expln , use_yn , del_yn , rgtr_id , reg_dt , mdfr_id , mdfcn_dt ) VALUES ('NAVER_DELIVERY_COMPANY' , 'NDC_SHIPNERGY' , 2 , 'SHIPNERGY' , '배송하기좋은날' , '네이버 택배사 코드' , 'Y' , 'N' , 1 , TO_CHAR(NOW(),'YYYYMMDDHH24MISS') , 1 , TO_CHAR(NOW(),'YYYYMMDDHH24MISS'));
INSERT INTO plt_lkag_cd_mng ( lkag_group_cd_id , lkag_cd_id , lkag_mst_id , lkag_cd_vl , lkag_cd_nm , expln , use_yn , del_yn , rgtr_id , reg_dt , mdfr_id , mdfcn_dt ) VALUES ('NAVER_DELIVERY_COMPANY' , 'NDC_PANTOS' , 2 , 'PANTOS' , '범한판토스' , '네이버 택배사 코드' , 'Y' , 'N' , 1 , TO_CHAR(NOW(),'YYYYMMDDHH24MISS') , 1 , TO_CHAR(NOW(),'YYYYMMDDHH24MISS'));
INSERT INTO plt_lkag_cd_mng ( lkag_group_cd_id , lkag_cd_id , lkag_mst_id , lkag_cd_vl , lkag_cd_nm , expln , use_yn , del_yn , rgtr_id , reg_dt , mdfr_id , mdfcn_dt ) VALUES ('NAVER_DELIVERY_COMPANY' , 'NDC_VROONG' , 2 , 'VROONG' , '부릉' , '네이버 택배사 코드' , 'Y' , 'N' , 1 , TO_CHAR(NOW(),'YYYYMMDDHH24MISS') , 1 , TO_CHAR(NOW(),'YYYYMMDDHH24MISS'));
INSERT INTO plt_lkag_cd_mng ( lkag_group_cd_id , lkag_cd_id , lkag_mst_id , lkag_cd_vl , lkag_cd_nm , expln , use_yn , del_yn , rgtr_id , reg_dt , mdfr_id , mdfcn_dt ) VALUES ('NAVER_DELIVERY_COMPANY' , 'NDC_BRIDGE' , 2 , 'BRIDGE' , '브릿지로지스' , '네이버 택배사 코드' , 'Y' , 'N' , 1 , TO_CHAR(NOW(),'YYYYMMDDHH24MISS') , 1 , TO_CHAR(NOW(),'YYYYMMDDHH24MISS'));
INSERT INTO plt_lkag_cd_mng ( lkag_group_cd_id , lkag_cd_id , lkag_mst_id , lkag_cd_vl , lkag_cd_nm , expln , use_yn , del_yn , rgtr_id , reg_dt , mdfr_id , mdfcn_dt ) VALUES ('NAVER_DELIVERY_COMPANY' , 'NDC_EKDP' , 2 , 'EKDP' , '삼다수가정배송' , '네이버 택배사 코드' , 'Y' , 'N' , 1 , TO_CHAR(NOW(),'YYYYMMDDHH24MISS') , 1 , TO_CHAR(NOW(),'YYYYMMDDHH24MISS'));
INSERT INTO plt_lkag_cd_mng ( lkag_group_cd_id , lkag_cd_id , lkag_mst_id , lkag_cd_vl , lkag_cd_nm , expln , use_yn , del_yn , rgtr_id , reg_dt , mdfr_id , mdfcn_dt ) VALUES ('NAVER_DELIVERY_COMPANY' , 'NDC_SELC' , 2 , 'SELC' , '삼성전자물류' , '네이버 택배사 코드' , 'Y' , 'N' , 1 , TO_CHAR(NOW(),'YYYYMMDDHH24MISS') , 1 , TO_CHAR(NOW(),'YYYYMMDDHH24MISS'));
INSERT INTO plt_lkag_cd_mng ( lkag_group_cd_id , lkag_cd_id , lkag_mst_id , lkag_cd_vl , lkag_cd_nm , expln , use_yn , del_yn , rgtr_id , reg_dt , mdfr_id , mdfcn_dt ) VALUES ('NAVER_DELIVERY_COMPANY' , 'NDC_SWGEXP' , 2 , 'SWGEXP' , '성원글로벌' , '네이버 택배사 코드' , 'Y' , 'N' , 1 , TO_CHAR(NOW(),'YYYYMMDDHH24MISS') , 1 , TO_CHAR(NOW(),'YYYYMMDDHH24MISS'));
INSERT INTO plt_lkag_cd_mng ( lkag_group_cd_id , lkag_cd_id , lkag_mst_id , lkag_cd_vl , lkag_cd_nm , expln , use_yn , del_yn , rgtr_id , reg_dt , mdfr_id , mdfcn_dt ) VALUES ('NAVER_DELIVERY_COMPANY' , 'NDC_SUNGHUN' , 2 , 'SUNGHUN' , '성훈물류' , '네이버 택배사 코드' , 'Y' , 'N' , 1 , TO_CHAR(NOW(),'YYYYMMDDHH24MISS') , 1 , TO_CHAR(NOW(),'YYYYMMDDHH24MISS'));
INSERT INTO plt_lkag_cd_mng ( lkag_group_cd_id , lkag_cd_id , lkag_mst_id , lkag_cd_vl , lkag_cd_nm , expln , use_yn , del_yn , rgtr_id , reg_dt , mdfr_id , mdfcn_dt ) VALUES ('NAVER_DELIVERY_COMPANY' , 'NDC_SEBANG' , 2 , 'SEBANG' , '세방택배' , '네이버 택배사 코드' , 'Y' , 'N' , 1 , TO_CHAR(NOW(),'YYYYMMDDHH24MISS') , 1 , TO_CHAR(NOW(),'YYYYMMDDHH24MISS'));
INSERT INTO plt_lkag_cd_mng ( lkag_group_cd_id , lkag_cd_id , lkag_mst_id , lkag_cd_vl , lkag_cd_nm , expln , use_yn , del_yn , rgtr_id , reg_dt , mdfr_id , mdfcn_dt ) VALUES ('NAVER_DELIVERY_COMPANY' , 'NDC_SMARTLOGIS' , 2 , 'SMARTLOGIS' , '스마트로지스' , '네이버 택배사 코드' , 'Y' , 'N' , 1 , TO_CHAR(NOW(),'YYYYMMDDHH24MISS') , 1 , TO_CHAR(NOW(),'YYYYMMDDHH24MISS'));
INSERT INTO plt_lkag_cd_mng ( lkag_group_cd_id , lkag_cd_id , lkag_mst_id , lkag_cd_vl , lkag_cd_nm , expln , use_yn , del_yn , rgtr_id , reg_dt , mdfr_id , mdfcn_dt ) VALUES ('NAVER_DELIVERY_COMPANY' , 'NDC_SPASYS1' , 2 , 'SPASYS1' , '스페이시스원' , '네이버 택배사 코드' , 'Y' , 'N' , 1 , TO_CHAR(NOW(),'YYYYMMDDHH24MISS') , 1 , TO_CHAR(NOW(),'YYYYMMDDHH24MISS'));
INSERT INTO plt_lkag_cd_mng ( lkag_group_cd_id , lkag_cd_id , lkag_mst_id , lkag_cd_vl , lkag_cd_nm , expln , use_yn , del_yn , rgtr_id , reg_dt , mdfr_id , mdfcn_dt ) VALUES ('NAVER_DELIVERY_COMPANY' , 'NDC_CRLX' , 2 , 'CRLX' , '시알로지텍' , '네이버 택배사 코드' , 'Y' , 'N' , 1 , TO_CHAR(NOW(),'YYYYMMDDHH24MISS') , 1 , TO_CHAR(NOW(),'YYYYMMDDHH24MISS'));
INSERT INTO plt_lkag_cd_mng ( lkag_group_cd_id , lkag_cd_id , lkag_mst_id , lkag_cd_vl , lkag_cd_nm , expln , use_yn , del_yn , rgtr_id , reg_dt , mdfr_id , mdfcn_dt ) VALUES ('NAVER_DELIVERY_COMPANY' , 'NDC_ANYTRACK' , 2 , 'ANYTRACK' , '애니트랙' , '네이버 택배사 코드' , 'Y' , 'N' , 1 , TO_CHAR(NOW(),'YYYYMMDDHH24MISS') , 1 , TO_CHAR(NOW(),'YYYYMMDDHH24MISS'));
INSERT INTO plt_lkag_cd_mng ( lkag_group_cd_id , lkag_cd_id , lkag_mst_id , lkag_cd_vl , lkag_cd_nm , expln , use_yn , del_yn , rgtr_id , reg_dt , mdfr_id , mdfcn_dt ) VALUES ('NAVER_DELIVERY_COMPANY' , 'NDC_ABOUTPET' , 2 , 'ABOUTPET' , '어바웃펫' , '네이버 택배사 코드' , 'Y' , 'N' , 1 , TO_CHAR(NOW(),'YYYYMMDDHH24MISS') , 1 , TO_CHAR(NOW(),'YYYYMMDDHH24MISS'));
INSERT INTO plt_lkag_cd_mng ( lkag_group_cd_id , lkag_cd_id , lkag_mst_id , lkag_cd_vl , lkag_cd_nm , expln , use_yn , del_yn , rgtr_id , reg_dt , mdfr_id , mdfcn_dt ) VALUES ('NAVER_DELIVERY_COMPANY' , 'NDC_ESTHER' , 2 , 'ESTHER' , '에스더쉬핑' , '네이버 택배사 코드' , 'Y' , 'N' , 1 , TO_CHAR(NOW(),'YYYYMMDDHH24MISS') , 1 , TO_CHAR(NOW(),'YYYYMMDDHH24MISS'));
INSERT INTO plt_lkag_cd_mng ( lkag_group_cd_id , lkag_cd_id , lkag_mst_id , lkag_cd_vl , lkag_cd_nm , expln , use_yn , del_yn , rgtr_id , reg_dt , mdfr_id , mdfcn_dt ) VALUES ('NAVER_DELIVERY_COMPANY' , 'NDC_VENDORPIA' , 2 , 'VENDORPIA' , '에이스물류' , '네이버 택배사 코드' , 'Y' , 'N' , 1 , TO_CHAR(NOW(),'YYYYMMDDHH24MISS') , 1 , TO_CHAR(NOW(),'YYYYMMDDHH24MISS'));
INSERT INTO plt_lkag_cd_mng ( lkag_group_cd_id , lkag_cd_id , lkag_mst_id , lkag_cd_vl , lkag_cd_nm , expln , use_yn , del_yn , rgtr_id , reg_dt , mdfr_id , mdfcn_dt ) VALUES ('NAVER_DELIVERY_COMPANY' , 'NDC_ACTCORE' , 2 , 'ACTCORE' , '에이씨티앤코아' , '네이버 택배사 코드' , 'Y' , 'N' , 1 , TO_CHAR(NOW(),'YYYYMMDDHH24MISS') , 1 , TO_CHAR(NOW(),'YYYYMMDDHH24MISS'));
INSERT INTO plt_lkag_cd_mng ( lkag_group_cd_id , lkag_cd_id , lkag_mst_id , lkag_cd_vl , lkag_cd_nm , expln , use_yn , del_yn , rgtr_id , reg_dt , mdfr_id , mdfcn_dt ) VALUES ('NAVER_DELIVERY_COMPANY' , 'NDC_HKHOLDINGS' , 2 , 'HKHOLDINGS' , '에이치케이홀딩스' , '네이버 택배사 코드' , 'Y' , 'N' , 1 , TO_CHAR(NOW(),'YYYYMMDDHH24MISS') , 1 , TO_CHAR(NOW(),'YYYYMMDDHH24MISS'));
INSERT INTO plt_lkag_cd_mng ( lkag_group_cd_id , lkag_cd_id , lkag_mst_id , lkag_cd_vl , lkag_cd_nm , expln , use_yn , del_yn , rgtr_id , reg_dt , mdfr_id , mdfcn_dt ) VALUES ('NAVER_DELIVERY_COMPANY' , 'NDC_NTLPS' , 2 , 'NTLPS' , '엔티엘피스' , '네이버 택배사 코드' , 'Y' , 'N' , 1 , TO_CHAR(NOW(),'YYYYMMDDHH24MISS') , 1 , TO_CHAR(NOW(),'YYYYMMDDHH24MISS'));
INSERT INTO plt_lkag_cd_mng ( lkag_group_cd_id , lkag_cd_id , lkag_mst_id , lkag_cd_vl , lkag_cd_nm , expln , use_yn , del_yn , rgtr_id , reg_dt , mdfr_id , mdfcn_dt ) VALUES ('NAVER_DELIVERY_COMPANY' , 'NDC_LSLOGIS' , 2 , 'LSLOGIS' , '엘로지스' , '네이버 택배사 코드' , 'Y' , 'N' , 1 , TO_CHAR(NOW(),'YYYYMMDDHH24MISS') , 1 , TO_CHAR(NOW(),'YYYYMMDDHH24MISS'));
INSERT INTO plt_lkag_cd_mng ( lkag_group_cd_id , lkag_cd_id , lkag_mst_id , lkag_cd_vl , lkag_cd_nm , expln , use_yn , del_yn , rgtr_id , reg_dt , mdfr_id , mdfcn_dt ) VALUES ('NAVER_DELIVERY_COMPANY' , 'NDC_TODAYPICKUP' , 2 , 'TODAYPICKUP' , '카카오T당일배송' , '네이버 택배사 코드' , 'Y' , 'N' , 1 , TO_CHAR(NOW(),'YYYYMMDDHH24MISS') , 1 , TO_CHAR(NOW(),'YYYYMMDDHH24MISS'));
INSERT INTO plt_lkag_cd_mng ( lkag_group_cd_id , lkag_cd_id , lkag_mst_id , lkag_cd_vl , lkag_cd_nm , expln , use_yn , del_yn , rgtr_id , reg_dt , mdfr_id , mdfcn_dt ) VALUES ('NAVER_DELIVERY_COMPANY' , 'NDC_RUSH' , 2 , 'RUSH' , '오늘회러쉬' , '네이버 택배사 코드' , 'Y' , 'N' , 1 , TO_CHAR(NOW(),'YYYYMMDDHH24MISS') , 1 , TO_CHAR(NOW(),'YYYYMMDDHH24MISS'));
INSERT INTO plt_lkag_cd_mng ( lkag_group_cd_id , lkag_cd_id , lkag_mst_id , lkag_cd_vl , lkag_cd_nm , expln , use_yn , del_yn , rgtr_id , reg_dt , mdfr_id , mdfcn_dt ) VALUES ('NAVER_DELIVERY_COMPANY' , 'NDC_ALLTAKOREA' , 2 , 'ALLTAKOREA' , '올타코리아' , '네이버 택배사 코드' , 'Y' , 'N' , 1 , TO_CHAR(NOW(),'YYYYMMDDHH24MISS') , 1 , TO_CHAR(NOW(),'YYYYMMDDHH24MISS'));
INSERT INTO plt_lkag_cd_mng ( lkag_group_cd_id , lkag_cd_id , lkag_mst_id , lkag_cd_vl , lkag_cd_nm , expln , use_yn , del_yn , rgtr_id , reg_dt , mdfr_id , mdfcn_dt ) VALUES ('NAVER_DELIVERY_COMPANY' , 'NDC_WIDETECH' , 2 , 'WIDETECH' , '와이드테크' , '네이버 택배사 코드' , 'Y' , 'N' , 1 , TO_CHAR(NOW(),'YYYYMMDDHH24MISS') , 1 , TO_CHAR(NOW(),'YYYYMMDDHH24MISS'));
INSERT INTO plt_lkag_cd_mng ( lkag_group_cd_id , lkag_cd_id , lkag_mst_id , lkag_cd_vl , lkag_cd_nm , expln , use_yn , del_yn , rgtr_id , reg_dt , mdfr_id , mdfcn_dt ) VALUES ('NAVER_DELIVERY_COMPANY' , 'NDC_YONGMA' , 2 , 'YONGMA' , '용마로지스' , '네이버 택배사 코드' , 'Y' , 'N' , 1 , TO_CHAR(NOW(),'YYYYMMDDHH24MISS') , 1 , TO_CHAR(NOW(),'YYYYMMDDHH24MISS'));
INSERT INTO plt_lkag_cd_mng ( lkag_group_cd_id , lkag_cd_id , lkag_mst_id , lkag_cd_vl , lkag_cd_nm , expln , use_yn , del_yn , rgtr_id , reg_dt , mdfr_id , mdfcn_dt ) VALUES ('NAVER_DELIVERY_COMPANY' , 'NDC_DCOMMERCE' , 2 , 'DCOMMERCE' , '우리동네커머스' , '네이버 택배사 코드' , 'Y' , 'N' , 1 , TO_CHAR(NOW(),'YYYYMMDDHH24MISS') , 1 , TO_CHAR(NOW(),'YYYYMMDDHH24MISS'));
INSERT INTO plt_lkag_cd_mng ( lkag_group_cd_id , lkag_cd_id , lkag_mst_id , lkag_cd_vl , lkag_cd_nm , expln , use_yn , del_yn , rgtr_id , reg_dt , mdfr_id , mdfcn_dt ) VALUES ('NAVER_DELIVERY_COMPANY' , 'NDC_WEVILL' , 2 , 'WEVILL' , '우리동네택배' , '네이버 택배사 코드' , 'Y' , 'N' , 1 , TO_CHAR(NOW(),'YYYYMMDDHH24MISS') , 1 , TO_CHAR(NOW(),'YYYYMMDDHH24MISS'));
INSERT INTO plt_lkag_cd_mng ( lkag_group_cd_id , lkag_cd_id , lkag_mst_id , lkag_cd_vl , lkag_cd_nm , expln , use_yn , del_yn , rgtr_id , reg_dt , mdfr_id , mdfcn_dt ) VALUES ('NAVER_DELIVERY_COMPANY' , 'NDC_HONAM' , 2 , 'HONAM' , '우리택배' , '네이버 택배사 코드' , 'Y' , 'N' , 1 , TO_CHAR(NOW(),'YYYYMMDDHH24MISS') , 1 , TO_CHAR(NOW(),'YYYYMMDDHH24MISS'));
INSERT INTO plt_lkag_cd_mng ( lkag_group_cd_id , lkag_cd_id , lkag_mst_id , lkag_cd_vl , lkag_cd_nm , expln , use_yn , del_yn , rgtr_id , reg_dt , mdfr_id , mdfcn_dt ) VALUES ('NAVER_DELIVERY_COMPANY' , 'NDC_WOORIHB' , 2 , 'WOORIHB' , '우리한방택배' , '네이버 택배사 코드' , 'Y' , 'N' , 1 , TO_CHAR(NOW(),'YYYYMMDDHH24MISS') , 1 , TO_CHAR(NOW(),'YYYYMMDDHH24MISS'));
INSERT INTO plt_lkag_cd_mng ( lkag_group_cd_id , lkag_cd_id , lkag_mst_id , lkag_cd_vl , lkag_cd_nm , expln , use_yn , del_yn , rgtr_id , reg_dt , mdfr_id , mdfcn_dt ) VALUES ('NAVER_DELIVERY_COMPANY' , 'NDC_WOOJIN' , 2 , 'WOOJIN' , '우진인터로지스' , '네이버 택배사 코드' , 'Y' , 'N' , 1 , TO_CHAR(NOW(),'YYYYMMDDHH24MISS') , 1 , TO_CHAR(NOW(),'YYYYMMDDHH24MISS'));
INSERT INTO plt_lkag_cd_mng ( lkag_group_cd_id , lkag_cd_id , lkag_mst_id , lkag_cd_vl , lkag_cd_nm , expln , use_yn , del_yn , rgtr_id , reg_dt , mdfr_id , mdfcn_dt ) VALUES ('NAVER_DELIVERY_COMPANY' , 'NDC_REGISTPOST' , 2 , 'REGISTPOST' , '우편등기' , '네이버 택배사 코드' , 'Y' , 'N' , 1 , TO_CHAR(NOW(),'YYYYMMDDHH24MISS') , 1 , TO_CHAR(NOW(),'YYYYMMDDHH24MISS'));
INSERT INTO plt_lkag_cd_mng ( lkag_group_cd_id , lkag_cd_id , lkag_mst_id , lkag_cd_vl , lkag_cd_nm , expln , use_yn , del_yn , rgtr_id , reg_dt , mdfr_id , mdfcn_dt ) VALUES ('NAVER_DELIVERY_COMPANY' , 'NDC_WOONGJI' , 2 , 'WOONGJI' , '웅지익스프레스' , '네이버 택배사 코드' , 'Y' , 'N' , 1 , TO_CHAR(NOW(),'YYYYMMDDHH24MISS') , 1 , TO_CHAR(NOW(),'YYYYMMDDHH24MISS'));
INSERT INTO plt_lkag_cd_mng ( lkag_group_cd_id , lkag_cd_id , lkag_mst_id , lkag_cd_vl , lkag_cd_nm , expln , use_yn , del_yn , rgtr_id , reg_dt , mdfr_id , mdfcn_dt ) VALUES ('NAVER_DELIVERY_COMPANY' , 'NDC_WARPEX' , 2 , 'WARPEX' , '워펙스' , '네이버 택배사 코드' , 'Y' , 'N' , 1 , TO_CHAR(NOW(),'YYYYMMDDHH24MISS') , 1 , TO_CHAR(NOW(),'YYYYMMDDHH24MISS'));
INSERT INTO plt_lkag_cd_mng ( lkag_group_cd_id , lkag_cd_id , lkag_mst_id , lkag_cd_vl , lkag_cd_nm , expln , use_yn , del_yn , rgtr_id , reg_dt , mdfr_id , mdfcn_dt ) VALUES ('NAVER_DELIVERY_COMPANY' , 'NDC_WINION' , 2 , 'WINION' , '위니온로지스' , '네이버 택배사 코드' , 'Y' , 'N' , 1 , TO_CHAR(NOW(),'YYYYMMDDHH24MISS') , 1 , TO_CHAR(NOW(),'YYYYMMDDHH24MISS'));
INSERT INTO plt_lkag_cd_mng ( lkag_group_cd_id , lkag_cd_id , lkag_mst_id , lkag_cd_vl , lkag_cd_nm , expln , use_yn , del_yn , rgtr_id , reg_dt , mdfr_id , mdfcn_dt ) VALUES ('NAVER_DELIVERY_COMPANY' , 'NDC_WIHTYOU' , 2 , 'WIHTYOU' , '위드유당일택배' , '네이버 택배사 코드' , 'Y' , 'N' , 1 , TO_CHAR(NOW(),'YYYYMMDDHH24MISS') , 1 , TO_CHAR(NOW(),'YYYYMMDDHH24MISS'));
INSERT INTO plt_lkag_cd_mng ( lkag_group_cd_id , lkag_cd_id , lkag_mst_id , lkag_cd_vl , lkag_cd_nm , expln , use_yn , del_yn , rgtr_id , reg_dt , mdfr_id , mdfcn_dt ) VALUES ('NAVER_DELIVERY_COMPANY' , 'NDC_UFREIGHT' , 2 , 'UFREIGHT' , '유프레이트코리아' , '네이버 택배사 코드' , 'Y' , 'N' , 1 , TO_CHAR(NOW(),'YYYYMMDDHH24MISS') , 1 , TO_CHAR(NOW(),'YYYYMMDDHH24MISS'));
INSERT INTO plt_lkag_cd_mng ( lkag_group_cd_id , lkag_cd_id , lkag_mst_id , lkag_cd_vl , lkag_cd_nm , expln , use_yn , del_yn , rgtr_id , reg_dt , mdfr_id , mdfcn_dt ) VALUES ('NAVER_DELIVERY_COMPANY' , 'NDC_EUNHA' , 2 , 'EUNHA' , '은하쉬핑' , '네이버 택배사 코드' , 'Y' , 'N' , 1 , TO_CHAR(NOW(),'YYYYMMDDHH24MISS') , 1 , TO_CHAR(NOW(),'YYYYMMDDHH24MISS'));
INSERT INTO plt_lkag_cd_mng ( lkag_group_cd_id , lkag_cd_id , lkag_mst_id , lkag_cd_vl , lkag_cd_nm , expln , use_yn , del_yn , rgtr_id , reg_dt , mdfr_id , mdfcn_dt ) VALUES ('NAVER_DELIVERY_COMPANY' , 'NDC_ETOMARS' , 2 , 'ETOMARS' , '이투마스' , '네이버 택배사 코드' , 'Y' , 'N' , 1 , TO_CHAR(NOW(),'YYYYMMDDHH24MISS') , 1 , TO_CHAR(NOW(),'YYYYMMDDHH24MISS'));
INSERT INTO plt_lkag_cd_mng ( lkag_group_cd_id , lkag_cd_id , lkag_mst_id , lkag_cd_vl , lkag_cd_nm , expln , use_yn , del_yn , rgtr_id , reg_dt , mdfr_id , mdfcn_dt ) VALUES ('NAVER_DELIVERY_COMPANY' , 'NDC_GENERALPOST' , 2 , 'GENERALPOST' , '일반우편' , '네이버 택배사 코드' , 'Y' , 'N' , 1 , TO_CHAR(NOW(),'YYYYMMDDHH24MISS') , 1 , TO_CHAR(NOW(),'YYYYMMDDHH24MISS'));
INSERT INTO plt_lkag_cd_mng ( lkag_group_cd_id , lkag_cd_id , lkag_mst_id , lkag_cd_vl , lkag_cd_nm , expln , use_yn , del_yn , rgtr_id , reg_dt , mdfr_id , mdfcn_dt ) VALUES ('NAVER_DELIVERY_COMPANY' , 'NDC_ILSHIN' , 2 , 'ILSHIN' , '일신모닝택배' , '네이버 택배사 코드' , 'Y' , 'N' , 1 , TO_CHAR(NOW(),'YYYYMMDDHH24MISS') , 1 , TO_CHAR(NOW(),'YYYYMMDDHH24MISS'));
INSERT INTO plt_lkag_cd_mng ( lkag_group_cd_id , lkag_cd_id , lkag_mst_id , lkag_cd_vl , lkag_cd_nm , expln , use_yn , del_yn , rgtr_id , reg_dt , mdfr_id , mdfcn_dt ) VALUES ('NAVER_DELIVERY_COMPANY' , 'NDC_ILYANG' , 2 , 'ILYANG' , '일양로지스' , '네이버 택배사 코드' , 'Y' , 'N' , 1 , TO_CHAR(NOW(),'YYYYMMDDHH24MISS') , 1 , TO_CHAR(NOW(),'YYYYMMDDHH24MISS'));
INSERT INTO plt_lkag_cd_mng ( lkag_group_cd_id , lkag_cd_id , lkag_mst_id , lkag_cd_vl , lkag_cd_nm , expln , use_yn , del_yn , rgtr_id , reg_dt , mdfr_id , mdfcn_dt ) VALUES ('NAVER_DELIVERY_COMPANY' , 'NDC_GNETWORK' , 2 , 'GNETWORK' , '자이언트' , '네이버 택배사 코드' , 'Y' , 'N' , 1 , TO_CHAR(NOW(),'YYYYMMDDHH24MISS') , 1 , TO_CHAR(NOW(),'YYYYMMDDHH24MISS'));
INSERT INTO plt_lkag_cd_mng ( lkag_group_cd_id , lkag_cd_id , lkag_mst_id , lkag_cd_vl , lkag_cd_nm , expln , use_yn , del_yn , rgtr_id , reg_dt , mdfr_id , mdfcn_dt ) VALUES ('NAVER_DELIVERY_COMPANY' , 'NDC_ZENIEL' , 2 , 'ZENIEL' , '제니엘시스템' , '네이버 택배사 코드' , 'Y' , 'N' , 1 , TO_CHAR(NOW(),'YYYYMMDDHH24MISS') , 1 , TO_CHAR(NOW(),'YYYYMMDDHH24MISS'));
INSERT INTO plt_lkag_cd_mng ( lkag_group_cd_id , lkag_cd_id , lkag_mst_id , lkag_cd_vl , lkag_cd_nm , expln , use_yn , del_yn , rgtr_id , reg_dt , mdfr_id , mdfcn_dt ) VALUES ('NAVER_DELIVERY_COMPANY' , 'NDC_JLOGIST' , 2 , 'JLOGIST' , '제이로지스트' , '네이버 택배사 코드' , 'Y' , 'N' , 1 , TO_CHAR(NOW(),'YYYYMMDDHH24MISS') , 1 , TO_CHAR(NOW(),'YYYYMMDDHH24MISS'));
INSERT INTO plt_lkag_cd_mng ( lkag_group_cd_id , lkag_cd_id , lkag_mst_id , lkag_cd_vl , lkag_cd_nm , expln , use_yn , del_yn , rgtr_id , reg_dt , mdfr_id , mdfcn_dt ) VALUES ('NAVER_DELIVERY_COMPANY' , 'NDC_GENIEGO' , 2 , 'GENIEGO' , '지니고당일특급' , '네이버 택배사 코드' , 'Y' , 'N' , 1 , TO_CHAR(NOW(),'YYYYMMDDHH24MISS') , 1 , TO_CHAR(NOW(),'YYYYMMDDHH24MISS'));
INSERT INTO plt_lkag_cd_mng ( lkag_group_cd_id , lkag_cd_id , lkag_mst_id , lkag_cd_vl , lkag_cd_nm , expln , use_yn , del_yn , rgtr_id , reg_dt , mdfr_id , mdfcn_dt ) VALUES ('NAVER_DELIVERY_COMPANY' , 'NDC_GDAKOREA' , 2 , 'GDAKOREA' , '지디에이코리아' , '네이버 택배사 코드' , 'Y' , 'N' , 1 , TO_CHAR(NOW(),'YYYYMMDDHH24MISS') , 1 , TO_CHAR(NOW(),'YYYYMMDDHH24MISS'));
INSERT INTO plt_lkag_cd_mng ( lkag_group_cd_id , lkag_cd_id , lkag_mst_id , lkag_cd_vl , lkag_cd_nm , expln , use_yn , del_yn , rgtr_id , reg_dt , mdfr_id , mdfcn_dt ) VALUES ('NAVER_DELIVERY_COMPANY' , 'NDC_GHSPEED' , 2 , 'GHSPEED' , '지에이치스피드' , '네이버 택배사 코드' , 'Y' , 'N' , 1 , TO_CHAR(NOW(),'YYYYMMDDHH24MISS') , 1 , TO_CHAR(NOW(),'YYYYMMDDHH24MISS'));
INSERT INTO plt_lkag_cd_mng ( lkag_group_cd_id , lkag_cd_id , lkag_mst_id , lkag_cd_vl , lkag_cd_nm , expln , use_yn , del_yn , rgtr_id , reg_dt , mdfr_id , mdfcn_dt ) VALUES ('NAVER_DELIVERY_COMPANY' , 'NDC_JIKGUMOON' , 2 , 'JIKGUMOON' , '직구문' , '네이버 택배사 코드' , 'Y' , 'N' , 1 , TO_CHAR(NOW(),'YYYYMMDDHH24MISS') , 1 , TO_CHAR(NOW(),'YYYYMMDDHH24MISS'));
INSERT INTO plt_lkag_cd_mng ( lkag_group_cd_id , lkag_cd_id , lkag_mst_id , lkag_cd_vl , lkag_cd_nm , expln , use_yn , del_yn , rgtr_id , reg_dt , mdfr_id , mdfcn_dt ) VALUES ('NAVER_DELIVERY_COMPANY' , 'NDC_CHUNIL' , 2 , 'CHUNIL' , '천일택배' , '네이버 택배사 코드' , 'Y' , 'N' , 1 , TO_CHAR(NOW(),'YYYYMMDDHH24MISS') , 1 , TO_CHAR(NOW(),'YYYYMMDDHH24MISS'));
INSERT INTO plt_lkag_cd_mng ( lkag_group_cd_id , lkag_cd_id , lkag_mst_id , lkag_cd_vl , lkag_cd_nm , expln , use_yn , del_yn , rgtr_id , reg_dt , mdfr_id , mdfcn_dt ) VALUES ('NAVER_DELIVERY_COMPANY' , 'NDC_CHOROC' , 2 , 'CHOROC' , '초록마을' , '네이버 택배사 코드' , 'Y' , 'N' , 1 , TO_CHAR(NOW(),'YYYYMMDDHH24MISS') , 1 , TO_CHAR(NOW(),'YYYYMMDDHH24MISS'));
INSERT INTO plt_lkag_cd_mng ( lkag_group_cd_id , lkag_cd_id , lkag_mst_id , lkag_cd_vl , lkag_cd_nm , expln , use_yn , del_yn , rgtr_id , reg_dt , mdfr_id , mdfcn_dt ) VALUES ('NAVER_DELIVERY_COMPANY' , 'NDC_COSHIP' , 2 , 'COSHIP' , '캐나다쉬핑' , '네이버 택배사 코드' , 'Y' , 'N' , 1 , TO_CHAR(NOW(),'YYYYMMDDHH24MISS') , 1 , TO_CHAR(NOW(),'YYYYMMDDHH24MISS'));
INSERT INTO plt_lkag_cd_mng ( lkag_group_cd_id , lkag_cd_id , lkag_mst_id , lkag_cd_vl , lkag_cd_nm , expln , use_yn , del_yn , rgtr_id , reg_dt , mdfr_id , mdfcn_dt ) VALUES ('NAVER_DELIVERY_COMPANY' , 'NDC_KJT' , 2 , 'KJT' , '케이제이티' , '네이버 택배사 코드' , 'Y' , 'N' , 1 , TO_CHAR(NOW(),'YYYYMMDDHH24MISS') , 1 , TO_CHAR(NOW(),'YYYYMMDDHH24MISS'));
INSERT INTO plt_lkag_cd_mng ( lkag_group_cd_id , lkag_cd_id , lkag_mst_id , lkag_cd_vl , lkag_cd_nm , expln , use_yn , del_yn , rgtr_id , reg_dt , mdfr_id , mdfcn_dt ) VALUES ('NAVER_DELIVERY_COMPANY' , 'NDC_QRUN' , 2 , 'QRUN' , '큐런' , '네이버 택배사 코드' , 'Y' , 'N' , 1 , TO_CHAR(NOW(),'YYYYMMDDHH24MISS') , 1 , TO_CHAR(NOW(),'YYYYMMDDHH24MISS'));
INSERT INTO plt_lkag_cd_mng ( lkag_group_cd_id , lkag_cd_id , lkag_mst_id , lkag_cd_vl , lkag_cd_nm , expln , use_yn , del_yn , rgtr_id , reg_dt , mdfr_id , mdfcn_dt ) VALUES ('NAVER_DELIVERY_COMPANY' , 'NDC_CUBEFLOW' , 2 , 'CUBEFLOW' , '큐브플로우' , '네이버 택배사 코드' , 'Y' , 'N' , 1 , TO_CHAR(NOW(),'YYYYMMDDHH24MISS') , 1 , TO_CHAR(NOW(),'YYYYMMDDHH24MISS'));
INSERT INTO plt_lkag_cd_mng ( lkag_group_cd_id , lkag_cd_id , lkag_mst_id , lkag_cd_vl , lkag_cd_nm , expln , use_yn , del_yn , rgtr_id , reg_dt , mdfr_id , mdfcn_dt ) VALUES ('NAVER_DELIVERY_COMPANY' , 'NDC_QXPRESS' , 2 , 'QXPRESS' , '큐익스프레스' , '네이버 택배사 코드' , 'Y' , 'N' , 1 , TO_CHAR(NOW(),'YYYYMMDDHH24MISS') , 1 , TO_CHAR(NOW(),'YYYYMMDDHH24MISS'));
INSERT INTO plt_lkag_cd_mng ( lkag_group_cd_id , lkag_cd_id , lkag_mst_id , lkag_cd_vl , lkag_cd_nm , expln , use_yn , del_yn , rgtr_id , reg_dt , mdfr_id , mdfcn_dt ) VALUES ('NAVER_DELIVERY_COMPANY' , 'NDC_HEREWEGO' , 2 , 'HEREWEGO' , '탱고앤고' , '네이버 택배사 코드' , 'Y' , 'N' , 1 , TO_CHAR(NOW(),'YYYYMMDDHH24MISS') , 1 , TO_CHAR(NOW(),'YYYYMMDDHH24MISS'));
INSERT INTO plt_lkag_cd_mng ( lkag_group_cd_id , lkag_cd_id , lkag_mst_id , lkag_cd_vl , lkag_cd_nm , expln , use_yn , del_yn , rgtr_id , reg_dt , mdfr_id , mdfcn_dt ) VALUES ('NAVER_DELIVERY_COMPANY' , 'NDC_TODAY' , 2 , 'TODAY' , '투데이' , '네이버 택배사 코드' , 'Y' , 'N' , 1 , TO_CHAR(NOW(),'YYYYMMDDHH24MISS') , 1 , TO_CHAR(NOW(),'YYYYMMDDHH24MISS'));
INSERT INTO plt_lkag_cd_mng ( lkag_group_cd_id , lkag_cd_id , lkag_mst_id , lkag_cd_vl , lkag_cd_nm , expln , use_yn , del_yn , rgtr_id , reg_dt , mdfr_id , mdfcn_dt ) VALUES ('NAVER_DELIVERY_COMPANY' , 'NDC_TEAMFRESH' , 2 , 'TEAMFRESH' , '팀프레시' , '네이버 택배사 코드' , 'Y' , 'N' , 1 , TO_CHAR(NOW(),'YYYYMMDDHH24MISS') , 1 , TO_CHAR(NOW(),'YYYYMMDDHH24MISS'));
INSERT INTO plt_lkag_cd_mng ( lkag_group_cd_id , lkag_cd_id , lkag_mst_id , lkag_cd_vl , lkag_cd_nm , expln , use_yn , del_yn , rgtr_id , reg_dt , mdfr_id , mdfcn_dt ) VALUES ('NAVER_DELIVERY_COMPANY' , 'NDC_PATEK' , 2 , 'PATEK' , '파테크해운상공' , '네이버 택배사 코드' , 'Y' , 'N' , 1 , TO_CHAR(NOW(),'YYYYMMDDHH24MISS') , 1 , TO_CHAR(NOW(),'YYYYMMDDHH24MISS'));
INSERT INTO plt_lkag_cd_mng ( lkag_group_cd_id , lkag_cd_id , lkag_mst_id , lkag_cd_vl , lkag_cd_nm , expln , use_yn , del_yn , rgtr_id , reg_dt , mdfr_id , mdfcn_dt ) VALUES ('NAVER_DELIVERY_COMPANY' , 'NDC_XINPATEK' , 2 , 'XINPATEK' , '파테크해운항공' , '네이버 택배사 코드' , 'Y' , 'N' , 1 , TO_CHAR(NOW(),'YYYYMMDDHH24MISS') , 1 , TO_CHAR(NOW(),'YYYYMMDDHH24MISS'));
INSERT INTO plt_lkag_cd_mng ( lkag_group_cd_id , lkag_cd_id , lkag_mst_id , lkag_cd_vl , lkag_cd_nm , expln , use_yn , del_yn , rgtr_id , reg_dt , mdfr_id , mdfcn_dt ) VALUES ('NAVER_DELIVERY_COMPANY' , 'NDC_PANASIA' , 2 , 'PANASIA' , '판월드로지스틱' , '네이버 택배사 코드' , 'Y' , 'N' , 1 , TO_CHAR(NOW(),'YYYYMMDDHH24MISS') , 1 , TO_CHAR(NOW(),'YYYYMMDDHH24MISS'));
INSERT INTO plt_lkag_cd_mng ( lkag_group_cd_id , lkag_cd_id , lkag_mst_id , lkag_cd_vl , lkag_cd_nm , expln , use_yn , del_yn , rgtr_id , reg_dt , mdfr_id , mdfcn_dt ) VALUES ('NAVER_DELIVERY_COMPANY' , 'NDC_PANSTAR' , 2 , 'PANSTAR' , '팬스타국제특송(PIEX)' , '네이버 택배사 코드' , 'Y' , 'N' , 1 , TO_CHAR(NOW(),'YYYYMMDDHH24MISS') , 1 , TO_CHAR(NOW(),'YYYYMMDDHH24MISS'));
INSERT INTO plt_lkag_cd_mng ( lkag_group_cd_id , lkag_cd_id , lkag_mst_id , lkag_cd_vl , lkag_cd_nm , expln , use_yn , del_yn , rgtr_id , reg_dt , mdfr_id , mdfcn_dt ) VALUES ('NAVER_DELIVERY_COMPANY' , 'NDC_FOREVER' , 2 , 'FOREVER' , '퍼레버택배' , '네이버 택배사 코드' , 'Y' , 'N' , 1 , TO_CHAR(NOW(),'YYYYMMDDHH24MISS') , 1 , TO_CHAR(NOW(),'YYYYMMDDHH24MISS'));
INSERT INTO plt_lkag_cd_mng ( lkag_group_cd_id , lkag_cd_id , lkag_mst_id , lkag_cd_vl , lkag_cd_nm , expln , use_yn , del_yn , rgtr_id , reg_dt , mdfr_id , mdfcn_dt ) VALUES ('NAVER_DELIVERY_COMPANY' , 'NDC_PULMUONE' , 2 , 'PULMUONE' , '풀무원(로지스밸리)' , '네이버 택배사 코드' , 'Y' , 'N' , 1 , TO_CHAR(NOW(),'YYYYMMDDHH24MISS') , 1 , TO_CHAR(NOW(),'YYYYMMDDHH24MISS'));
INSERT INTO plt_lkag_cd_mng ( lkag_group_cd_id , lkag_cd_id , lkag_mst_id , lkag_cd_vl , lkag_cd_nm , expln , use_yn , del_yn , rgtr_id , reg_dt , mdfr_id , mdfcn_dt ) VALUES ('NAVER_DELIVERY_COMPANY' , 'NDC_FRESHMATES' , 2 , 'FRESHMATES' , '프레시메이트' , '네이버 택배사 코드' , 'Y' , 'N' , 1 , TO_CHAR(NOW(),'YYYYMMDDHH24MISS') , 1 , TO_CHAR(NOW(),'YYYYMMDDHH24MISS'));
INSERT INTO plt_lkag_cd_mng ( lkag_group_cd_id , lkag_cd_id , lkag_mst_id , lkag_cd_vl , lkag_cd_nm , expln , use_yn , del_yn , rgtr_id , reg_dt , mdfr_id , mdfcn_dt ) VALUES ('NAVER_DELIVERY_COMPANY' , 'NDC_FRESH' , 2 , 'FRESH' , '프레시솔루션' , '네이버 택배사 코드' , 'Y' , 'N' , 1 , TO_CHAR(NOW(),'YYYYMMDDHH24MISS') , 1 , TO_CHAR(NOW(),'YYYYMMDDHH24MISS'));
INSERT INTO plt_lkag_cd_mng ( lkag_group_cd_id , lkag_cd_id , lkag_mst_id , lkag_cd_vl , lkag_cd_nm , expln , use_yn , del_yn , rgtr_id , reg_dt , mdfr_id , mdfcn_dt ) VALUES ('NAVER_DELIVERY_COMPANY' , 'NDC_PINGPONG' , 2 , 'PINGPONG' , '핑퐁' , '네이버 택배사 코드' , 'Y' , 'N' , 1 , TO_CHAR(NOW(),'YYYYMMDDHH24MISS') , 1 , TO_CHAR(NOW(),'YYYYMMDDHH24MISS'));
INSERT INTO plt_lkag_cd_mng ( lkag_group_cd_id , lkag_cd_id , lkag_mst_id , lkag_cd_vl , lkag_cd_nm , expln , use_yn , del_yn , rgtr_id , reg_dt , mdfr_id , mdfcn_dt ) VALUES ('NAVER_DELIVERY_COMPANY' , 'NDC_HOWSER' , 2 , 'HOWSER' , '하우저' , '네이버 택배사 코드' , 'Y' , 'N' , 1 , TO_CHAR(NOW(),'YYYYMMDDHH24MISS') , 1 , TO_CHAR(NOW(),'YYYYMMDDHH24MISS'));
INSERT INTO plt_lkag_cd_mng ( lkag_group_cd_id , lkag_cd_id , lkag_mst_id , lkag_cd_vl , lkag_cd_nm , expln , use_yn , del_yn , rgtr_id , reg_dt , mdfr_id , mdfcn_dt ) VALUES ('NAVER_DELIVERY_COMPANY' , 'NDC_HIVECITY' , 2 , 'HIVECITY' , '하이브시티' , '네이버 택배사 코드' , 'Y' , 'N' , 1 , TO_CHAR(NOW(),'YYYYMMDDHH24MISS') , 1 , TO_CHAR(NOW(),'YYYYMMDDHH24MISS'));
INSERT INTO plt_lkag_cd_mng ( lkag_group_cd_id , lkag_cd_id , lkag_mst_id , lkag_cd_vl , lkag_cd_nm , expln , use_yn , del_yn , rgtr_id , reg_dt , mdfr_id , mdfcn_dt ) VALUES ('NAVER_DELIVERY_COMPANY' , 'NDC_HANDALUM' , 2 , 'HANDALUM' , '한달음택배' , '네이버 택배사 코드' , 'Y' , 'N' , 1 , TO_CHAR(NOW(),'YYYYMMDDHH24MISS') , 1 , TO_CHAR(NOW(),'YYYYMMDDHH24MISS'));
INSERT INTO plt_lkag_cd_mng ( lkag_group_cd_id , lkag_cd_id , lkag_mst_id , lkag_cd_vl , lkag_cd_nm , expln , use_yn , del_yn , rgtr_id , reg_dt , mdfr_id , mdfcn_dt ) VALUES ('NAVER_DELIVERY_COMPANY' , 'NDC_HANDEX' , 2 , 'HANDEX' , '한덱스' , '네이버 택배사 코드' , 'Y' , 'N' , 1 , TO_CHAR(NOW(),'YYYYMMDDHH24MISS') , 1 , TO_CHAR(NOW(),'YYYYMMDDHH24MISS'));
INSERT INTO plt_lkag_cd_mng ( lkag_group_cd_id , lkag_cd_id , lkag_mst_id , lkag_cd_vl , lkag_cd_nm , expln , use_yn , del_yn , rgtr_id , reg_dt , mdfr_id , mdfcn_dt ) VALUES ('NAVER_DELIVERY_COMPANY' , 'NDC_HANSSEM' , 2 , 'HANSSEM' , '한샘' , '네이버 택배사 코드' , 'Y' , 'N' , 1 , TO_CHAR(NOW(),'YYYYMMDDHH24MISS') , 1 , TO_CHAR(NOW(),'YYYYMMDDHH24MISS'));
INSERT INTO plt_lkag_cd_mng ( lkag_group_cd_id , lkag_cd_id , lkag_mst_id , lkag_cd_vl , lkag_cd_nm , expln , use_yn , del_yn , rgtr_id , reg_dt , mdfr_id , mdfcn_dt ) VALUES ('NAVER_DELIVERY_COMPANY' , 'NDC_HANWOORI' , 2 , 'HANWOORI' , '한우리물류' , '네이버 택배사 코드' , 'Y' , 'N' , 1 , TO_CHAR(NOW(),'YYYYMMDDHH24MISS') , 1 , TO_CHAR(NOW(),'YYYYMMDDHH24MISS'));
INSERT INTO plt_lkag_cd_mng ( lkag_group_cd_id , lkag_cd_id , lkag_mst_id , lkag_cd_vl , lkag_cd_nm , expln , use_yn , del_yn , rgtr_id , reg_dt , mdfr_id , mdfcn_dt ) VALUES ('NAVER_DELIVERY_COMPANY' , 'NDC_HPL' , 2 , 'HPL' , '한의사랑택배' , '네이버 택배사 코드' , 'Y' , 'N' , 1 , TO_CHAR(NOW(),'YYYYMMDDHH24MISS') , 1 , TO_CHAR(NOW(),'YYYYMMDDHH24MISS'));
INSERT INTO plt_lkag_cd_mng ( lkag_group_cd_id , lkag_cd_id , lkag_mst_id , lkag_cd_vl , lkag_cd_nm , expln , use_yn , del_yn , rgtr_id , reg_dt , mdfr_id , mdfcn_dt ) VALUES ('NAVER_DELIVERY_COMPANY' , 'NDC_HDEXP' , 2 , 'HDEXP' , '합동택배' , '네이버 택배사 코드' , 'Y' , 'N' , 1 , TO_CHAR(NOW(),'YYYYMMDDHH24MISS') , 1 , TO_CHAR(NOW(),'YYYYMMDDHH24MISS'));
INSERT INTO plt_lkag_cd_mng ( lkag_group_cd_id , lkag_cd_id , lkag_mst_id , lkag_cd_vl , lkag_cd_nm , expln , use_yn , del_yn , rgtr_id , reg_dt , mdfr_id , mdfcn_dt ) VALUES ('NAVER_DELIVERY_COMPANY' , 'NDC_HERWUZUG' , 2 , 'HERWUZUG' , '허우적' , '네이버 택배사 코드' , 'Y' , 'N' , 1 , TO_CHAR(NOW(),'YYYYMMDDHH24MISS') , 1 , TO_CHAR(NOW(),'YYYYMMDDHH24MISS'));
INSERT INTO plt_lkag_cd_mng ( lkag_group_cd_id , lkag_cd_id , lkag_mst_id , lkag_cd_vl , lkag_cd_nm , expln , use_yn , del_yn , rgtr_id , reg_dt , mdfr_id , mdfcn_dt ) VALUES ('NAVER_DELIVERY_COMPANY' , 'NDC_GLOVIS' , 2 , 'GLOVIS' , '현대글로비스' , '네이버 택배사 코드' , 'Y' , 'N' , 1 , TO_CHAR(NOW(),'YYYYMMDDHH24MISS') , 1 , TO_CHAR(NOW(),'YYYYMMDDHH24MISS'));
INSERT INTO plt_lkag_cd_mng ( lkag_group_cd_id , lkag_cd_id , lkag_mst_id , lkag_cd_vl , lkag_cd_nm , expln , use_yn , del_yn , rgtr_id , reg_dt , mdfr_id , mdfcn_dt ) VALUES ('NAVER_DELIVERY_COMPANY' , 'NDC_HOMEINNO' , 2 , 'HOMEINNO' , '홈이노베이션로지스' , '네이버 택배사 코드' , 'Y' , 'N' , 1 , TO_CHAR(NOW(),'YYYYMMDDHH24MISS') , 1 , TO_CHAR(NOW(),'YYYYMMDDHH24MISS'));
INSERT INTO plt_lkag_cd_mng ( lkag_group_cd_id , lkag_cd_id , lkag_mst_id , lkag_cd_vl , lkag_cd_nm , expln , use_yn , del_yn , rgtr_id , reg_dt , mdfr_id , mdfcn_dt ) VALUES ('NAVER_DELIVERY_COMPANY' , 'NDC_HOMEPLUS' , 2 , 'HOMEPLUS' , '홈플러스' , '네이버 택배사 코드' , 'Y' , 'N' , 1 , TO_CHAR(NOW(),'YYYYMMDDHH24MISS') , 1 , TO_CHAR(NOW(),'YYYYMMDDHH24MISS'));
INSERT INTO plt_lkag_cd_mng ( lkag_group_cd_id , lkag_cd_id , lkag_mst_id , lkag_cd_vl , lkag_cd_nm , expln , use_yn , del_yn , rgtr_id , reg_dt , mdfr_id , mdfcn_dt ) VALUES ('NAVER_DELIVERY_COMPANY' , 'NDC_HOMEPICKTODAY' , 2 , 'HOMEPICKTODAY' , '홈픽오늘도착' , '네이버 택배사 코드' , 'Y' , 'N' , 1 , TO_CHAR(NOW(),'YYYYMMDDHH24MISS') , 1 , TO_CHAR(NOW(),'YYYYMMDDHH24MISS'));
INSERT INTO plt_lkag_cd_mng ( lkag_group_cd_id , lkag_cd_id , lkag_mst_id , lkag_cd_vl , lkag_cd_nm , expln , use_yn , del_yn , rgtr_id , reg_dt , mdfr_id , mdfcn_dt ) VALUES ('NAVER_DELIVERY_COMPANY' , 'NDC_HOMEPICK' , 2 , 'HOMEPICK' , '홈픽택배' , '네이버 택배사 코드' , 'Y' , 'N' , 1 , TO_CHAR(NOW(),'YYYYMMDDHH24MISS') , 1 , TO_CHAR(NOW(),'YYYYMMDDHH24MISS'));
INSERT INTO plt_lkag_cd_mng ( lkag_group_cd_id , lkag_cd_id , lkag_mst_id , lkag_cd_vl , lkag_cd_nm , expln , use_yn , del_yn , rgtr_id , reg_dt , mdfr_id , mdfcn_dt ) VALUES ('NAVER_DELIVERY_COMPANY' , 'NDC_CARGOPLEASE' , 2 , 'CARGOPLEASE' , '화물을부탁해' , '네이버 택배사 코드' , 'Y' , 'N' , 1 , TO_CHAR(NOW(),'YYYYMMDDHH24MISS') , 1 , TO_CHAR(NOW(),'YYYYMMDDHH24MISS'));
INSERT INTO plt_lkag_cd_mng ( lkag_group_cd_id , lkag_cd_id , lkag_mst_id , lkag_cd_vl , lkag_cd_nm , expln , use_yn , del_yn , rgtr_id , reg_dt , mdfr_id , mdfcn_dt ) VALUES ('NAVER_DELIVERY_COMPANY' , 'NDC_CH1' , 2 , 'CH1' , '해외기타택배' , '네이버 택배사 코드' , 'Y' , 'N' , 1 , TO_CHAR(NOW(),'YYYYMMDDHH24MISS') , 1 , TO_CHAR(NOW(),'YYYYMMDDHH24MISS'));

/*네이버 배송 방법 코드*/
INSERT INTO plt_lkag_cd_mng ( lkag_group_cd_id , lkag_cd_id , lkag_mst_id , lkag_cd_vl , lkag_cd_nm , expln , use_yn , del_yn , rgtr_id , reg_dt , mdfr_id , mdfcn_dt ) VALUES ('*' , 'NAVER_COLLECT_DELIVERY_METHOD' , 2 , 'COLLECT_DELIVERY_METHOD' , '네이버 배송 방법 코드' , '네이버 배송 방법 코드 그룹' , 'Y' , 'N' , 1 , TO_CHAR(NOW(),'YYYYMMDDHH24MISS') , 1 , TO_CHAR(NOW(),'YYYYMMDDHH24MISS'));

INSERT INTO plt_lkag_cd_mng ( lkag_group_cd_id , lkag_cd_id , lkag_mst_id , lkag_cd_vl , lkag_cd_nm , expln , use_yn , del_yn , rgtr_id , reg_dt , mdfr_id , mdfcn_dt ) VALUES ('NAVER_COLLECT_DELIVERY_METHOD' , 'NCDM_DELIVERY' , 2 , 'DELIVERY' , '택배, 등기, 소포' , '네이버 배송 방법 코드' , 'Y' , 'N' , 1 , TO_CHAR(NOW(),'YYYYMMDDHH24MISS') , 1 , TO_CHAR(NOW(),'YYYYMMDDHH24MISS'));
INSERT INTO plt_lkag_cd_mng ( lkag_group_cd_id , lkag_cd_id , lkag_mst_id , lkag_cd_vl , lkag_cd_nm , expln , use_yn , del_yn , rgtr_id , reg_dt , mdfr_id , mdfcn_dt ) VALUES ('NAVER_COLLECT_DELIVERY_METHOD' , 'NCDM_GDFW_ISSUE_SVC' , 2 , 'GDFW_ISSUE_SVC' , '굿스플로 송장 출력' , '네이버 배송 방법 코드' , 'Y' , 'N' , 1 , TO_CHAR(NOW(),'YYYYMMDDHH24MISS') , 1 , TO_CHAR(NOW(),'YYYYMMDDHH24MISS'));
INSERT INTO plt_lkag_cd_mng ( lkag_group_cd_id , lkag_cd_id , lkag_mst_id , lkag_cd_vl , lkag_cd_nm , expln , use_yn , del_yn , rgtr_id , reg_dt , mdfr_id , mdfcn_dt ) VALUES ('NAVER_COLLECT_DELIVERY_METHOD' , 'NCDM_VISIT_RECEIPT' , 2 , 'VISIT_RECEIPT' , '방문 수령' , '네이버 배송 방법 코드' , 'Y' , 'N' , 1 , TO_CHAR(NOW(),'YYYYMMDDHH24MISS') , 1 , TO_CHAR(NOW(),'YYYYMMDDHH24MISS'));
INSERT INTO plt_lkag_cd_mng ( lkag_group_cd_id , lkag_cd_id , lkag_mst_id , lkag_cd_vl , lkag_cd_nm , expln , use_yn , del_yn , rgtr_id , reg_dt , mdfr_id , mdfcn_dt ) VALUES ('NAVER_COLLECT_DELIVERY_METHOD' , 'NCDM_DIRECT_DELIVERY' , 2 , 'DIRECT_DELIVERY' , '직접 전달' , '네이버 배송 방법 코드' , 'Y' , 'N' , 1 , TO_CHAR(NOW(),'YYYYMMDDHH24MISS') , 1 , TO_CHAR(NOW(),'YYYYMMDDHH24MISS'));
INSERT INTO plt_lkag_cd_mng ( lkag_group_cd_id , lkag_cd_id , lkag_mst_id , lkag_cd_vl , lkag_cd_nm , expln , use_yn , del_yn , rgtr_id , reg_dt , mdfr_id , mdfcn_dt ) VALUES ('NAVER_COLLECT_DELIVERY_METHOD' , 'NCDM_QUICK_SVC' , 2 , 'QUICK_SVC' , '퀵서비스' , '네이버 배송 방법 코드' , 'Y' , 'N' , 1 , TO_CHAR(NOW(),'YYYYMMDDHH24MISS') , 1 , TO_CHAR(NOW(),'YYYYMMDDHH24MISS'));
INSERT INTO plt_lkag_cd_mng ( lkag_group_cd_id , lkag_cd_id , lkag_mst_id , lkag_cd_vl , lkag_cd_nm , expln , use_yn , del_yn , rgtr_id , reg_dt , mdfr_id , mdfcn_dt ) VALUES ('NAVER_COLLECT_DELIVERY_METHOD' , 'NCDM_NOTHING' , 2 , 'NOTHING' , '배송 없음' , '네이버 배송 방법 코드' , 'Y' , 'N' , 1 , TO_CHAR(NOW(),'YYYYMMDDHH24MISS') , 1 , TO_CHAR(NOW(),'YYYYMMDDHH24MISS'));
INSERT INTO plt_lkag_cd_mng ( lkag_group_cd_id , lkag_cd_id , lkag_mst_id , lkag_cd_vl , lkag_cd_nm , expln , use_yn , del_yn , rgtr_id , reg_dt , mdfr_id , mdfcn_dt ) VALUES ('NAVER_COLLECT_DELIVERY_METHOD' , 'NCDM_RETURN_DESIGNATED' , 2 , 'RETURN_DESIGNATED' , '지정 반품 택배' , '네이버 배송 방법 코드' , 'Y' , 'N' , 1 , TO_CHAR(NOW(),'YYYYMMDDHH24MISS') , 1 , TO_CHAR(NOW(),'YYYYMMDDHH24MISS'));
INSERT INTO plt_lkag_cd_mng ( lkag_group_cd_id , lkag_cd_id , lkag_mst_id , lkag_cd_vl , lkag_cd_nm , expln , use_yn , del_yn , rgtr_id , reg_dt , mdfr_id , mdfcn_dt ) VALUES ('NAVER_COLLECT_DELIVERY_METHOD' , 'NCDM_RETURN_DELIVERY' , 2 , 'RETURN_DELIVERY' , '일반 반품 택배' , '네이버 배송 방법 코드' , 'Y' , 'N' , 1 , TO_CHAR(NOW(),'YYYYMMDDHH24MISS') , 1 , TO_CHAR(NOW(),'YYYYMMDDHH24MISS'));
INSERT INTO plt_lkag_cd_mng ( lkag_group_cd_id , lkag_cd_id , lkag_mst_id , lkag_cd_vl , lkag_cd_nm , expln , use_yn , del_yn , rgtr_id , reg_dt , mdfr_id , mdfcn_dt ) VALUES ('NAVER_COLLECT_DELIVERY_METHOD' , 'NCDM_RETURN_INDIVIDUAL' , 2 , 'RETURN_INDIVIDUAL' , '직접 반송' , '네이버 배송 방법 코드' , 'Y' , 'N' , 1 , TO_CHAR(NOW(),'YYYYMMDDHH24MISS') , 1 , TO_CHAR(NOW(),'YYYYMMDDHH24MISS'));
INSERT INTO plt_lkag_cd_mng ( lkag_group_cd_id , lkag_cd_id , lkag_mst_id , lkag_cd_vl , lkag_cd_nm , expln , use_yn , del_yn , rgtr_id , reg_dt , mdfr_id , mdfcn_dt ) VALUES ('NAVER_COLLECT_DELIVERY_METHOD' , 'NCDM_RETURN_MERCHANT' , 2 , 'RETURN_MERCHANT' , '판매자 직접 수거' , '네이버 배송 방법 코드' , 'Y' , 'N' , 1 , TO_CHAR(NOW(),'YYYYMMDDHH24MISS') , 1 , TO_CHAR(NOW(),'YYYYMMDDHH24MISS'));
INSERT INTO plt_lkag_cd_mng ( lkag_group_cd_id , lkag_cd_id , lkag_mst_id , lkag_cd_vl , lkag_cd_nm , expln , use_yn , del_yn , rgtr_id , reg_dt , mdfr_id , mdfcn_dt ) VALUES ('NAVER_COLLECT_DELIVERY_METHOD' , 'NCDM_UNKNOWN' , 2 , 'UNKNOWN' , '알 수 없음(예외 처리에 사용)' , '네이버 배송 방법 코드' , 'Y' , 'N' , 1 , TO_CHAR(NOW(),'YYYYMMDDHH24MISS') , 1 , TO_CHAR(NOW(),'YYYYMMDDHH24MISS'));

/*네이버 배송상세 상태 코드 deliveryStatus*/
INSERT INTO plt_lkag_cd_mng ( lkag_group_cd_id , lkag_cd_id , lkag_mst_id , lkag_cd_vl , lkag_cd_nm , expln , use_yn , del_yn , rgtr_id , reg_dt , mdfr_id , mdfcn_dt ) VALUES ('*' , 'NAVER_DELIVERY_STATUS' , 2 , 'DELIVERY_STATUS' , '네이버 배송상세 상태 코드' , '네이버 배송상세 상태 코드 그룹' , 'Y' , 'N' , 1 , TO_CHAR(NOW(),'YYYYMMDDHH24MISS') , 1 , TO_CHAR(NOW(),'YYYYMMDDHH24MISS'));

INSERT INTO plt_lkag_cd_mng ( lkag_group_cd_id , lkag_cd_id , lkag_mst_id , lkag_cd_vl , lkag_cd_nm , expln , use_yn , del_yn , rgtr_id , reg_dt , mdfr_id , mdfcn_dt ) VALUES ('NAVER_DELIVERY_STATUS' , 'NDS_COLLECT_REQUEST' , 2 , 'COLLECT_REQUEST' , '수거 요청' , '네이버 배송상세 상태 코드' , 'Y' , 'N' , 1 , TO_CHAR(NOW(),'YYYYMMDDHH24MISS') , 1 , TO_CHAR(NOW(),'YYYYMMDDHH24MISS'));
INSERT INTO plt_lkag_cd_mng ( lkag_group_cd_id , lkag_cd_id , lkag_mst_id , lkag_cd_vl , lkag_cd_nm , expln , use_yn , del_yn , rgtr_id , reg_dt , mdfr_id , mdfcn_dt ) VALUES ('NAVER_DELIVERY_STATUS' , 'NDS_COLLECT_WAIT' , 2 , 'COLLECT_WAIT' , '수거 대기' , '네이버 배송상세 상태 코드' , 'Y' , 'N' , 1 , TO_CHAR(NOW(),'YYYYMMDDHH24MISS') , 1 , TO_CHAR(NOW(),'YYYYMMDDHH24MISS'));
INSERT INTO plt_lkag_cd_mng ( lkag_group_cd_id , lkag_cd_id , lkag_mst_id , lkag_cd_vl , lkag_cd_nm , expln , use_yn , del_yn , rgtr_id , reg_dt , mdfr_id , mdfcn_dt ) VALUES ('NAVER_DELIVERY_STATUS' , 'NDS_COLLECT_CARGO' , 2 , 'COLLECT_CARGO' , '집화' , '네이버 배송상세 상태 코드' , 'Y' , 'N' , 1 , TO_CHAR(NOW(),'YYYYMMDDHH24MISS') , 1 , TO_CHAR(NOW(),'YYYYMMDDHH24MISS'));
INSERT INTO plt_lkag_cd_mng ( lkag_group_cd_id , lkag_cd_id , lkag_mst_id , lkag_cd_vl , lkag_cd_nm , expln , use_yn , del_yn , rgtr_id , reg_dt , mdfr_id , mdfcn_dt ) VALUES ('NAVER_DELIVERY_STATUS' , 'NDS_DELIVERY_COMPLETION' , 2 , 'DELIVERY_COMPLETION' , '배송 완료' , '네이버 배송상세 상태 코드' , 'Y' , 'N' , 1 , TO_CHAR(NOW(),'YYYYMMDDHH24MISS') , 1 , TO_CHAR(NOW(),'YYYYMMDDHH24MISS'));
INSERT INTO plt_lkag_cd_mng ( lkag_group_cd_id , lkag_cd_id , lkag_mst_id , lkag_cd_vl , lkag_cd_nm , expln , use_yn , del_yn , rgtr_id , reg_dt , mdfr_id , mdfcn_dt ) VALUES ('NAVER_DELIVERY_STATUS' , 'NDS_DELIVERING' , 2 , 'DELIVERING' , '배송중' , '네이버 배송상세 상태 코드' , 'Y' , 'N' , 1 , TO_CHAR(NOW(),'YYYYMMDDHH24MISS') , 1 , TO_CHAR(NOW(),'YYYYMMDDHH24MISS'));
INSERT INTO plt_lkag_cd_mng ( lkag_group_cd_id , lkag_cd_id , lkag_mst_id , lkag_cd_vl , lkag_cd_nm , expln , use_yn , del_yn , rgtr_id , reg_dt , mdfr_id , mdfcn_dt ) VALUES ('NAVER_DELIVERY_STATUS' , 'NDS_DELIVERY_FAIL' , 2 , 'DELIVERY_FAIL' , '배송 실패' , '네이버 배송상세 상태 코드' , 'Y' , 'N' , 1 , TO_CHAR(NOW(),'YYYYMMDDHH24MISS') , 1 , TO_CHAR(NOW(),'YYYYMMDDHH24MISS'));
INSERT INTO plt_lkag_cd_mng ( lkag_group_cd_id , lkag_cd_id , lkag_mst_id , lkag_cd_vl , lkag_cd_nm , expln , use_yn , del_yn , rgtr_id , reg_dt , mdfr_id , mdfcn_dt ) VALUES ('NAVER_DELIVERY_STATUS' , 'NDS_WRONG_INVOICE' , 2 , 'WRONG_INVOICE' , '오류 송장' , '네이버 배송상세 상태 코드' , 'Y' , 'N' , 1 , TO_CHAR(NOW(),'YYYYMMDDHH24MISS') , 1 , TO_CHAR(NOW(),'YYYYMMDDHH24MISS'));
INSERT INTO plt_lkag_cd_mng ( lkag_group_cd_id , lkag_cd_id , lkag_mst_id , lkag_cd_vl , lkag_cd_nm , expln , use_yn , del_yn , rgtr_id , reg_dt , mdfr_id , mdfcn_dt ) VALUES ('NAVER_DELIVERY_STATUS' , 'NDS_COLLECT_CARGO_FAIL' , 2 , 'COLLECT_CARGO_FAIL' , '집화 실패' , '네이버 배송상세 상태 코드' , 'Y' , 'N' , 1 , TO_CHAR(NOW(),'YYYYMMDDHH24MISS') , 1 , TO_CHAR(NOW(),'YYYYMMDDHH24MISS'));
INSERT INTO plt_lkag_cd_mng ( lkag_group_cd_id , lkag_cd_id , lkag_mst_id , lkag_cd_vl , lkag_cd_nm , expln , use_yn , del_yn , rgtr_id , reg_dt , mdfr_id , mdfcn_dt ) VALUES ('NAVER_DELIVERY_STATUS' , 'NDS_COLLECT_CARGO_CANCEL' , 2 , 'COLLECT_CARGO_CANCEL' , '집화 취소' , '네이버 배송상세 상태 코드' , 'Y' , 'N' , 1 , TO_CHAR(NOW(),'YYYYMMDDHH24MISS') , 1 , TO_CHAR(NOW(),'YYYYMMDDHH24MISS'));
INSERT INTO plt_lkag_cd_mng ( lkag_group_cd_id , lkag_cd_id , lkag_mst_id , lkag_cd_vl , lkag_cd_nm , expln , use_yn , del_yn , rgtr_id , reg_dt , mdfr_id , mdfcn_dt ) VALUES ('NAVER_DELIVERY_STATUS' , 'NDS_NOT_TRACKING' , 2 , 'NOT_TRACKING' , '배송 추적 없음' , '네이버 배송상세 상태 코드' , 'Y' , 'N' , 1 , TO_CHAR(NOW(),'YYYYMMDDHH24MISS') , 1 , TO_CHAR(NOW(),'YYYYMMDDHH24MISS'));

/*네이버 배송지 타입 코드 addressType*/
INSERT INTO plt_lkag_cd_mng ( lkag_group_cd_id , lkag_cd_id , lkag_mst_id , lkag_cd_vl , lkag_cd_nm , expln , use_yn , del_yn , rgtr_id , reg_dt , mdfr_id , mdfcn_dt ) VALUES ('*' , 'NAVER_ADDRESS_TYPE' , 2 , 'ADDRESS_TYPE' , '네이버 배송지 타입 코드' , '네이버 배송지 타입 코드 그룹' , 'Y' , 'N' , 1 , TO_CHAR(NOW(),'YYYYMMDDHH24MISS') , 1 , TO_CHAR(NOW(),'YYYYMMDDHH24MISS'));

INSERT INTO plt_lkag_cd_mng ( lkag_group_cd_id , lkag_cd_id , lkag_mst_id , lkag_cd_vl , lkag_cd_nm , expln , use_yn , del_yn , rgtr_id , reg_dt , mdfr_id , mdfcn_dt ) VALUES ('NAVER_ADDRESS_TYPE' , 'NAT_DOMESTIC' , 2 , 'DOMESTIC' , '국내' , '네이버 배송지 타입 코드' , 'Y' , 'N' , 1 , TO_CHAR(NOW(),'YYYYMMDDHH24MISS') , 1 , TO_CHAR(NOW(),'YYYYMMDDHH24MISS'));
INSERT INTO plt_lkag_cd_mng ( lkag_group_cd_id , lkag_cd_id , lkag_mst_id , lkag_cd_vl , lkag_cd_nm , expln , use_yn , del_yn , rgtr_id , reg_dt , mdfr_id , mdfcn_dt ) VALUES ('NAVER_ADDRESS_TYPE' , 'NAT_FOREIGN' , 2 , 'FOREIGN' , '국외' , '네이버 배송지 타입 코드' , 'Y' , 'N' , 1 , TO_CHAR(NOW(),'YYYYMMDDHH24MISS') , 1 , TO_CHAR(NOW(),'YYYYMMDDHH24MISS'));

/*네이버 수거 상태 코드 collectStatus*/
INSERT INTO plt_lkag_cd_mng ( lkag_group_cd_id , lkag_cd_id , lkag_mst_id , lkag_cd_vl , lkag_cd_nm , expln , use_yn , del_yn , rgtr_id , reg_dt , mdfr_id , mdfcn_dt ) VALUES ('*' , 'NAVER_COLLECT_STATUS' , 2 , 'COLLECT_STATUS' , '네이버 수거 상태 코드' , '네이버 수거 상태 코드 그룹' , 'Y' , 'N' , 1 , TO_CHAR(NOW(),'YYYYMMDDHH24MISS') , 1 , TO_CHAR(NOW(),'YYYYMMDDHH24MISS'));

INSERT INTO plt_lkag_cd_mng ( lkag_group_cd_id , lkag_cd_id , lkag_mst_id , lkag_cd_vl , lkag_cd_nm , expln , use_yn , del_yn , rgtr_id , reg_dt , mdfr_id , mdfcn_dt ) VALUES ('NAVER_COLLECT_STATUS' , 'NCOS_NOT_REQUESTED' , 2 , 'NOT_REQUESTED' , '수거 미요청' , '네이버 수거 상태 코드' , 'Y' , 'N' , 1 , TO_CHAR(NOW(),'YYYYMMDDHH24MISS') , 1 , TO_CHAR(NOW(),'YYYYMMDDHH24MISS'));
INSERT INTO plt_lkag_cd_mng ( lkag_group_cd_id , lkag_cd_id , lkag_mst_id , lkag_cd_vl , lkag_cd_nm , expln , use_yn , del_yn , rgtr_id , reg_dt , mdfr_id , mdfcn_dt ) VALUES ('NAVER_COLLECT_STATUS' , 'NCOS_COLLECT_REQUEST_TO_AGENT' , 2 , 'COLLECT_REQUEST_TO_AGENT' , '수거 지시 완료' , '네이버 수거 상태 코드' , 'Y' , 'N' , 1 , TO_CHAR(NOW(),'YYYYMMDDHH24MISS') , 1 , TO_CHAR(NOW(),'YYYYMMDDHH24MISS'));
INSERT INTO plt_lkag_cd_mng ( lkag_group_cd_id , lkag_cd_id , lkag_mst_id , lkag_cd_vl , lkag_cd_nm , expln , use_yn , del_yn , rgtr_id , reg_dt , mdfr_id , mdfcn_dt ) VALUES ('NAVER_COLLECT_STATUS' , 'NCOS_COLLECT_REQUEST_TO_DELIVERY_COMPANY' , 2 , 'COLLECT_REQUEST_TO_DELIVERY_COMPANY' , '수거 요청' , '네이버 수거 상태 코드' , 'Y' , 'N' , 1 , TO_CHAR(NOW(),'YYYYMMDDHH24MISS') , 1 , TO_CHAR(NOW(),'YYYYMMDDHH24MISS'));
INSERT INTO plt_lkag_cd_mng ( lkag_group_cd_id , lkag_cd_id , lkag_mst_id , lkag_cd_vl , lkag_cd_nm , expln , use_yn , del_yn , rgtr_id , reg_dt , mdfr_id , mdfcn_dt ) VALUES ('NAVER_COLLECT_STATUS' , 'NCOS_COLLECT_WAITING' , 2 , 'COLLECT_WAITING' , '택배사 수거 예정' , '네이버 수거 상태 코드' , 'Y' , 'N' , 1 , TO_CHAR(NOW(),'YYYYMMDDHH24MISS') , 1 , TO_CHAR(NOW(),'YYYYMMDDHH24MISS'));
INSERT INTO plt_lkag_cd_mng ( lkag_group_cd_id , lkag_cd_id , lkag_mst_id , lkag_cd_vl , lkag_cd_nm , expln , use_yn , del_yn , rgtr_id , reg_dt , mdfr_id , mdfcn_dt ) VALUES ('NAVER_COLLECT_STATUS' , 'NCOS_DELIVERING' , 2 , 'DELIVERING' , '수거 진행 중' , '네이버 수거 상태 코드' , 'Y' , 'N' , 1 , TO_CHAR(NOW(),'YYYYMMDDHH24MISS') , 1 , TO_CHAR(NOW(),'YYYYMMDDHH24MISS'));
INSERT INTO plt_lkag_cd_mng ( lkag_group_cd_id , lkag_cd_id , lkag_mst_id , lkag_cd_vl , lkag_cd_nm , expln , use_yn , del_yn , rgtr_id , reg_dt , mdfr_id , mdfcn_dt ) VALUES ('NAVER_COLLECT_STATUS' , 'NCOS_DELIVERED' , 2 , 'DELIVERED' , '수거 완료' , '네이버 수거 상태 코드' , 'Y' , 'N' , 1 , TO_CHAR(NOW(),'YYYYMMDDHH24MISS') , 1 , TO_CHAR(NOW(),'YYYYMMDDHH24MISS'));
INSERT INTO plt_lkag_cd_mng ( lkag_group_cd_id , lkag_cd_id , lkag_mst_id , lkag_cd_vl , lkag_cd_nm , expln , use_yn , del_yn , rgtr_id , reg_dt , mdfr_id , mdfcn_dt ) VALUES ('NAVER_COLLECT_STATUS' , 'NCOS_DELIVERY_FAILED' , 2 , 'DELIVERY_FAILED' , '배송 실패' , '네이버 수거 상태 코드' , 'Y' , 'N' , 1 , TO_CHAR(NOW(),'YYYYMMDDHH24MISS') , 1 , TO_CHAR(NOW(),'YYYYMMDDHH24MISS'));
INSERT INTO plt_lkag_cd_mng ( lkag_group_cd_id , lkag_cd_id , lkag_mst_id , lkag_cd_vl , lkag_cd_nm , expln , use_yn , del_yn , rgtr_id , reg_dt , mdfr_id , mdfcn_dt ) VALUES ('NAVER_COLLECT_STATUS' , 'NCOS_COLLECT_FAILED' , 2 , 'COLLECT_FAILED' , '수거 실패' , '네이버 수거 상태 코드' , 'Y' , 'N' , 1 , TO_CHAR(NOW(),'YYYYMMDDHH24MISS') , 1 , TO_CHAR(NOW(),'YYYYMMDDHH24MISS'));
INSERT INTO plt_lkag_cd_mng ( lkag_group_cd_id , lkag_cd_id , lkag_mst_id , lkag_cd_vl , lkag_cd_nm , expln , use_yn , del_yn , rgtr_id , reg_dt , mdfr_id , mdfcn_dt ) VALUES ('NAVER_COLLECT_STATUS' , 'NCOS_WRONG_INVOICE' , 2 , 'WRONG_INVOICE' , '오류 송장' , '네이버 수거 상태 코드' , 'Y' , 'N' , 1 , TO_CHAR(NOW(),'YYYYMMDDHH24MISS') , 1 , TO_CHAR(NOW(),'YYYYMMDDHH24MISS'));
INSERT INTO plt_lkag_cd_mng ( lkag_group_cd_id , lkag_cd_id , lkag_mst_id , lkag_cd_vl , lkag_cd_nm , expln , use_yn , del_yn , rgtr_id , reg_dt , mdfr_id , mdfcn_dt ) VALUES ('NAVER_COLLECT_STATUS' , 'NCOS_COLLECT_CANCELED' , 2 , 'COLLECT_CANCELED' , '수거 취소' , '네이버 수거 상태 코드' , 'Y' , 'N' , 1 , TO_CHAR(NOW(),'YYYYMMDDHH24MISS') , 1 , TO_CHAR(NOW(),'YYYYMMDDHH24MISS'));

/*네이버 보류유형 코드 holdbackReason*/
INSERT INTO plt_lkag_cd_mng ( lkag_group_cd_id , lkag_cd_id , lkag_mst_id , lkag_cd_vl , lkag_cd_nm , expln , use_yn , del_yn , rgtr_id , reg_dt , mdfr_id , mdfcn_dt ) VALUES ('*' , 'NAVER_HOLDBACK_REASON' , 2 , 'HOLDBACK_REASON' , '네이버 보류 유형 코드' , '네이버 보류 유형 코드 그룹' , 'Y' , 'N' , 1 , TO_CHAR(NOW(),'YYYYMMDDHH24MISS') , 1 , TO_CHAR(NOW(),'YYYYMMDDHH24MISS'));

INSERT INTO plt_lkag_cd_mng ( lkag_group_cd_id , lkag_cd_id , lkag_mst_id , lkag_cd_vl , lkag_cd_nm , expln , use_yn , del_yn , rgtr_id , reg_dt , mdfr_id , mdfcn_dt ) VALUES ('NAVER_HOLDBACK_REASON' , 'NHR_RETURN_DELIVERYFEE' , 2 , 'RETURN_DELIVERYFEE' , '반품 배송비 청구' , '네이버 보류 유형 코드' , 'Y' , 'N' , 1 , TO_CHAR(NOW(),'YYYYMMDDHH24MISS') , 1 , TO_CHAR(NOW(),'YYYYMMDDHH24MISS'));
INSERT INTO plt_lkag_cd_mng ( lkag_group_cd_id , lkag_cd_id , lkag_mst_id , lkag_cd_vl , lkag_cd_nm , expln , use_yn , del_yn , rgtr_id , reg_dt , mdfr_id , mdfcn_dt ) VALUES ('NAVER_HOLDBACK_REASON' , 'NHR_EXTRAFEEE' , 2 , 'EXTRAFEEE' , '추가 비용 청구' , '네이버 보류 유형 코드' , 'Y' , 'N' , 1 , TO_CHAR(NOW(),'YYYYMMDDHH24MISS') , 1 , TO_CHAR(NOW(),'YYYYMMDDHH24MISS'));
INSERT INTO plt_lkag_cd_mng ( lkag_group_cd_id , lkag_cd_id , lkag_mst_id , lkag_cd_vl , lkag_cd_nm , expln , use_yn , del_yn , rgtr_id , reg_dt , mdfr_id , mdfcn_dt ) VALUES ('NAVER_HOLDBACK_REASON' , 'NHR_RETURN_DELIVERYFEE_AND_EXTRAFEEE' , 2 , 'RETURN_DELIVERYFEE_AND_EXTRAFEEE' , '반품 배송비 + 추가 비용 청구' , '네이버 보류 유형 코드' , 'Y' , 'N' , 1 , TO_CHAR(NOW(),'YYYYMMDDHH24MISS') , 1 , TO_CHAR(NOW(),'YYYYMMDDHH24MISS'));
INSERT INTO plt_lkag_cd_mng ( lkag_group_cd_id , lkag_cd_id , lkag_mst_id , lkag_cd_vl , lkag_cd_nm , expln , use_yn , del_yn , rgtr_id , reg_dt , mdfr_id , mdfcn_dt ) VALUES ('NAVER_HOLDBACK_REASON' , 'NHR_RETURN_PRODUCT_NOT_DELIVERED' , 2 , 'RETURN_PRODUCT_NOT_DELIVERED' , '반품 상품 미입고' , '네이버 보류 유형 코드' , 'Y' , 'N' , 1 , TO_CHAR(NOW(),'YYYYMMDDHH24MISS') , 1 , TO_CHAR(NOW(),'YYYYMMDDHH24MISS'));
INSERT INTO plt_lkag_cd_mng ( lkag_group_cd_id , lkag_cd_id , lkag_mst_id , lkag_cd_vl , lkag_cd_nm , expln , use_yn , del_yn , rgtr_id , reg_dt , mdfr_id , mdfcn_dt ) VALUES ('NAVER_HOLDBACK_REASON' , 'NHR_ETC' , 2 , 'ETC' , '기타 사유' , '네이버 보류 유형 코드' , 'Y' , 'N' , 1 , TO_CHAR(NOW(),'YYYYMMDDHH24MISS') , 1 , TO_CHAR(NOW(),'YYYYMMDDHH24MISS'));
INSERT INTO plt_lkag_cd_mng ( lkag_group_cd_id , lkag_cd_id , lkag_mst_id , lkag_cd_vl , lkag_cd_nm , expln , use_yn , del_yn , rgtr_id , reg_dt , mdfr_id , mdfcn_dt ) VALUES ('NAVER_HOLDBACK_REASON' , 'NHR_EXCHANGE_DELIVERYFEE' , 2 , 'EXCHANGE_DELIVERYFEE' , '교환 배송비 청구' , '네이버 보류 유형 코드' , 'Y' , 'N' , 1 , TO_CHAR(NOW(),'YYYYMMDDHH24MISS') , 1 , TO_CHAR(NOW(),'YYYYMMDDHH24MISS'));
INSERT INTO plt_lkag_cd_mng ( lkag_group_cd_id , lkag_cd_id , lkag_mst_id , lkag_cd_vl , lkag_cd_nm , expln , use_yn , del_yn , rgtr_id , reg_dt , mdfr_id , mdfcn_dt ) VALUES ('NAVER_HOLDBACK_REASON' , 'NHR_EXCHANGE_EXTRAFEE' , 2 , 'EXCHANGE_EXTRAFEE' , '추가 교환 비용 청구' , '네이버 보류 유형 코드' , 'Y' , 'N' , 1 , TO_CHAR(NOW(),'YYYYMMDDHH24MISS') , 1 , TO_CHAR(NOW(),'YYYYMMDDHH24MISS'));
INSERT INTO plt_lkag_cd_mng ( lkag_group_cd_id , lkag_cd_id , lkag_mst_id , lkag_cd_vl , lkag_cd_nm , expln , use_yn , del_yn , rgtr_id , reg_dt , mdfr_id , mdfcn_dt ) VALUES ('NAVER_HOLDBACK_REASON' , 'NHR_EXCHANGE_PRODUCT_READY' , 2 , 'EXCHANGE_PRODUCT_READY' , '교환 상품 준비 중' , '네이버 보류 유형 코드' , 'Y' , 'N' , 1 , TO_CHAR(NOW(),'YYYYMMDDHH24MISS') , 1 , TO_CHAR(NOW(),'YYYYMMDDHH24MISS'));
INSERT INTO plt_lkag_cd_mng ( lkag_group_cd_id , lkag_cd_id , lkag_mst_id , lkag_cd_vl , lkag_cd_nm , expln , use_yn , del_yn , rgtr_id , reg_dt , mdfr_id , mdfcn_dt ) VALUES ('NAVER_HOLDBACK_REASON' , 'NHR_EXCHANGE_PRODUCT_NOT_DELIVERED' , 2 , 'EXCHANGE_PRODUCT_NOT_DELIVERED' , '교환 상품 미입고' , '네이버 보류 유형 코드' , 'Y' , 'N' , 1 , TO_CHAR(NOW(),'YYYYMMDDHH24MISS') , 1 , TO_CHAR(NOW(),'YYYYMMDDHH24MISS'));
INSERT INTO plt_lkag_cd_mng ( lkag_group_cd_id , lkag_cd_id , lkag_mst_id , lkag_cd_vl , lkag_cd_nm , expln , use_yn , del_yn , rgtr_id , reg_dt , mdfr_id , mdfcn_dt ) VALUES ('NAVER_HOLDBACK_REASON' , 'NHR_EXCHANGE_HOLDBACK' , 2 , 'EXCHANGE_HOLDBACK' , '교환 구매 확정 보류' , '네이버 보류 유형 코드' , 'Y' , 'N' , 1 , TO_CHAR(NOW(),'YYYYMMDDHH24MISS') , 1 , TO_CHAR(NOW(),'YYYYMMDDHH24MISS'));
INSERT INTO plt_lkag_cd_mng ( lkag_group_cd_id , lkag_cd_id , lkag_mst_id , lkag_cd_vl , lkag_cd_nm , expln , use_yn , del_yn , rgtr_id , reg_dt , mdfr_id , mdfcn_dt ) VALUES ('NAVER_HOLDBACK_REASON' , 'NHR_SELLER_CONFIRM_NEED' , 2 , 'SELLER_CONFIRM_NEED' , '판매자 확인 필요' , '네이버 보류 유형 코드' , 'Y' , 'N' , 1 , TO_CHAR(NOW(),'YYYYMMDDHH24MISS') , 1 , TO_CHAR(NOW(),'YYYYMMDDHH24MISS'));
INSERT INTO plt_lkag_cd_mng ( lkag_group_cd_id , lkag_cd_id , lkag_mst_id , lkag_cd_vl , lkag_cd_nm , expln , use_yn , del_yn , rgtr_id , reg_dt , mdfr_id , mdfcn_dt ) VALUES ('NAVER_HOLDBACK_REASON' , 'NHR_PURCHASER_CONFIRM_NEED' , 2 , 'PURCHASER_CONFIRM_NEED' , '구매자 확인 필요' , '네이버 보류 유형 코드' , 'Y' , 'N' , 1 , TO_CHAR(NOW(),'YYYYMMDDHH24MISS') , 1 , TO_CHAR(NOW(),'YYYYMMDDHH24MISS'));
INSERT INTO plt_lkag_cd_mng ( lkag_group_cd_id , lkag_cd_id , lkag_mst_id , lkag_cd_vl , lkag_cd_nm , expln , use_yn , del_yn , rgtr_id , reg_dt , mdfr_id , mdfcn_dt ) VALUES ('NAVER_HOLDBACK_REASON' , 'NHR_SELLER_REMIT' , 2 , 'SELLER_REMIT' , '판매자 직접 송금' , '네이버 보류 유형 코드' , 'Y' , 'N' , 1 , TO_CHAR(NOW(),'YYYYMMDDHH24MISS') , 1 , TO_CHAR(NOW(),'YYYYMMDDHH24MISS'));
INSERT INTO plt_lkag_cd_mng ( lkag_group_cd_id , lkag_cd_id , lkag_mst_id , lkag_cd_vl , lkag_cd_nm , expln , use_yn , del_yn , rgtr_id , reg_dt , mdfr_id , mdfcn_dt ) VALUES ('NAVER_HOLDBACK_REASON' , 'NHR_ETC2' , 2 , 'ETC2' , '기타' , '네이버 보류 유형 코드' , 'Y' , 'N' , 1 , TO_CHAR(NOW(),'YYYYMMDDHH24MISS') , 1 , TO_CHAR(NOW(),'YYYYMMDDHH24MISS'));


/*네이버 보류 상태 코드 holdbackStatus*/
INSERT INTO plt_lkag_cd_mng ( lkag_group_cd_id , lkag_cd_id , lkag_mst_id , lkag_cd_vl , lkag_cd_nm , expln , use_yn , del_yn , rgtr_id , reg_dt , mdfr_id , mdfcn_dt ) VALUES ('*' , 'NAVER_HOLDBACK_STATUS' , 2 , 'HOLDBACK_STATUS' , '네이버 보류 상태 코드' , '네이버 보류 상태 코드 그룹' , 'Y' , 'N' , 1 , TO_CHAR(NOW(),'YYYYMMDDHH24MISS') , 1 , TO_CHAR(NOW(),'YYYYMMDDHH24MISS'));

INSERT INTO plt_lkag_cd_mng ( lkag_group_cd_id , lkag_cd_id , lkag_mst_id , lkag_cd_vl , lkag_cd_nm , expln , use_yn , del_yn , rgtr_id , reg_dt , mdfr_id , mdfcn_dt ) VALUES ('NAVER_HOLDBACK_STATUS' , 'NHS_HOLDBACK' , 2 , 'HOLDBACK' , '보류 중' , '네이버 보류 유형 코드' , 'Y' , 'N' , 1 , TO_CHAR(NOW(),'YYYYMMDDHH24MISS') , 1 , TO_CHAR(NOW(),'YYYYMMDDHH24MISS'));
INSERT INTO plt_lkag_cd_mng ( lkag_group_cd_id , lkag_cd_id , lkag_mst_id , lkag_cd_vl , lkag_cd_nm , expln , use_yn , del_yn , rgtr_id , reg_dt , mdfr_id , mdfcn_dt ) VALUES ('NAVER_HOLDBACK_STATUS' , 'NHS_RELEASED' , 2 , 'RELEASED' , '보류 해제' , '네이버 보류 유형 코드' , 'Y' , 'N' , 1 , TO_CHAR(NOW(),'YYYYMMDDHH24MISS') , 1 , TO_CHAR(NOW(),'YYYYMMDDHH24MISS'));

/*네이버 발송 지연 사유 코드 delayedDispatchReason*/
INSERT INTO plt_lkag_cd_mng ( lkag_group_cd_id , lkag_cd_id , lkag_mst_id , lkag_cd_vl , lkag_cd_nm , expln , use_yn , del_yn , rgtr_id , reg_dt , mdfr_id , mdfcn_dt ) VALUES ('*' , 'NAVER_DELAYED_DISPATCH_REASON' , 2 , 'DELAYED_DISPATCH_REASON' , '네이버 발송 지연 사유 코드' , '네이버 발송 지연 사유 코드 그룹' , 'Y' , 'N' , 1 , TO_CHAR(NOW(),'YYYYMMDDHH24MISS') , 1 , TO_CHAR(NOW(),'YYYYMMDDHH24MISS'));

INSERT INTO plt_lkag_cd_mng ( lkag_group_cd_id , lkag_cd_id , lkag_mst_id , lkag_cd_vl , lkag_cd_nm , expln , use_yn , del_yn , rgtr_id , reg_dt , mdfr_id , mdfcn_dt ) VALUES ('NAVER_DELAYED_DISPATCH_REASON' , 'NDDR_PRODUCT_PREPARE' , 2 , 'PRODUCT_PREPARE' , '상품 준비 중' , '네이버 발송 지연 사유 코드' , 'Y' , 'N' , 1 , TO_CHAR(NOW(),'YYYYMMDDHH24MISS') , 1 , TO_CHAR(NOW(),'YYYYMMDDHH24MISS'));
INSERT INTO plt_lkag_cd_mng ( lkag_group_cd_id , lkag_cd_id , lkag_mst_id , lkag_cd_vl , lkag_cd_nm , expln , use_yn , del_yn , rgtr_id , reg_dt , mdfr_id , mdfcn_dt ) VALUES ('NAVER_DELAYED_DISPATCH_REASON' , 'NDDR_CUSTOMER_REQUEST' , 2 , 'CUSTOMER_REQUEST' , '고객 요청' , '네이버 발송 지연 사유 코드' , 'Y' , 'N' , 1 , TO_CHAR(NOW(),'YYYYMMDDHH24MISS') , 1 , TO_CHAR(NOW(),'YYYYMMDDHH24MISS'));
INSERT INTO plt_lkag_cd_mng ( lkag_group_cd_id , lkag_cd_id , lkag_mst_id , lkag_cd_vl , lkag_cd_nm , expln , use_yn , del_yn , rgtr_id , reg_dt , mdfr_id , mdfcn_dt ) VALUES ('NAVER_DELAYED_DISPATCH_REASON' , 'NDDR_CUSTOM_BUILD' , 2 , 'CUSTOM_BUILD' , '주문 제작' , '네이버 발송 지연 사유 코드' , 'Y' , 'N' , 1 , TO_CHAR(NOW(),'YYYYMMDDHH24MISS') , 1 , TO_CHAR(NOW(),'YYYYMMDDHH24MISS'));
INSERT INTO plt_lkag_cd_mng ( lkag_group_cd_id , lkag_cd_id , lkag_mst_id , lkag_cd_vl , lkag_cd_nm , expln , use_yn , del_yn , rgtr_id , reg_dt , mdfr_id , mdfcn_dt ) VALUES ('NAVER_DELAYED_DISPATCH_REASON' , 'NDDR_RESERVED_DISPATCH' , 2 , 'RESERVED_DISPATCH' , '예약 발송' , '네이버 발송 지연 사유 코드' , 'Y' , 'N' , 1 , TO_CHAR(NOW(),'YYYYMMDDHH24MISS') , 1 , TO_CHAR(NOW(),'YYYYMMDDHH24MISS'));
INSERT INTO plt_lkag_cd_mng ( lkag_group_cd_id , lkag_cd_id , lkag_mst_id , lkag_cd_vl , lkag_cd_nm , expln , use_yn , del_yn , rgtr_id , reg_dt , mdfr_id , mdfcn_dt ) VALUES ('NAVER_DELAYED_DISPATCH_REASON' , 'NDDR_OVERSEA_DELIVERY' , 2 , 'OVERSEA_DELIVERY' , '해외 배송' , '네이버 발송 지연 사유 코드' , 'Y' , 'N' , 1 , TO_CHAR(NOW(),'YYYYMMDDHH24MISS') , 1 , TO_CHAR(NOW(),'YYYYMMDDHH24MISS'));
INSERT INTO plt_lkag_cd_mng ( lkag_group_cd_id , lkag_cd_id , lkag_mst_id , lkag_cd_vl , lkag_cd_nm , expln , use_yn , del_yn , rgtr_id , reg_dt , mdfr_id , mdfcn_dt ) VALUES ('NAVER_DELAYED_DISPATCH_REASON' , 'NDDR_ETC' , 2 , 'ETC' , '기타' , '네이버 발송 지연 사유 코드' , 'Y' , 'N' , 1 , TO_CHAR(NOW(),'YYYYMMDDHH24MISS') , 1 , TO_CHAR(NOW(),'YYYYMMDDHH24MISS'));

/*네이버 발주 상태 코드 placeOrderStatus*/
INSERT INTO plt_lkag_cd_mng ( lkag_group_cd_id , lkag_cd_id , lkag_mst_id , lkag_cd_vl , lkag_cd_nm , expln , use_yn , del_yn , rgtr_id , reg_dt , mdfr_id , mdfcn_dt ) VALUES ('*' , 'NAVER_PLACE_ORDER_STATUS' , 2 , 'PLACE_ORDER_STATUS' , '네이버 발주 상태 코드' , '네이버 발주 상태 코드 그룹' , 'Y' , 'N' , 1 , TO_CHAR(NOW(),'YYYYMMDDHH24MISS') , 1 , TO_CHAR(NOW(),'YYYYMMDDHH24MISS'));

INSERT INTO plt_lkag_cd_mng ( lkag_group_cd_id , lkag_cd_id , lkag_mst_id , lkag_cd_vl , lkag_cd_nm , expln , use_yn , del_yn , rgtr_id , reg_dt , mdfr_id , mdfcn_dt ) VALUES ('NAVER_PLACE_ORDER_STATUS' , 'NPLOS_NOT_YET' , 2 , 'NOT_YET' , '발주 미확인' , '네이버 발주 상태 코드' , 'Y' , 'N' , 1 , TO_CHAR(NOW(),'YYYYMMDDHH24MISS') , 1 , TO_CHAR(NOW(),'YYYYMMDDHH24MISS'));
INSERT INTO plt_lkag_cd_mng ( lkag_group_cd_id , lkag_cd_id , lkag_mst_id , lkag_cd_vl , lkag_cd_nm , expln , use_yn , del_yn , rgtr_id , reg_dt , mdfr_id , mdfcn_dt ) VALUES ('NAVER_PLACE_ORDER_STATUS' , 'NPLOS_OK' , 2 , 'OK' , '발주 확인' , '네이버 발주 상태 코드' , 'Y' , 'N' , 1 , TO_CHAR(NOW(),'YYYYMMDDHH24MISS') , 1 , TO_CHAR(NOW(),'YYYYMMDDHH24MISS'));
INSERT INTO plt_lkag_cd_mng ( lkag_group_cd_id , lkag_cd_id , lkag_mst_id , lkag_cd_vl , lkag_cd_nm , expln , use_yn , del_yn , rgtr_id , reg_dt , mdfr_id , mdfcn_dt ) VALUES ('NAVER_PLACE_ORDER_STATUS' , 'NPLOS_CANCEL' , 2 , 'CANCEL' , '발주 확인 해제' , '네이버 발주 상태 코드' , 'Y' , 'N' , 1 , TO_CHAR(NOW(),'YYYYMMDDHH24MISS') , 1 , TO_CHAR(NOW(),'YYYYMMDDHH24MISS'));

/*네이버 수수료 선결제 상태 구분 코드 commissionPrePayStatus*/
INSERT INTO plt_lkag_cd_mng ( lkag_group_cd_id , lkag_cd_id , lkag_mst_id , lkag_cd_vl , lkag_cd_nm , expln , use_yn , del_yn , rgtr_id , reg_dt , mdfr_id , mdfcn_dt ) VALUES ('*' , 'NAVER_COMMISSION_PREPAY_STATUS' , 2 , 'COMMISSION_PREPAY_STATUS' , '네이버 수수료 선결제 상태 구분 코드' , '네이버 수수료 선결제 상태 구분 코드 그룹' , 'Y' , 'N' , 1 , TO_CHAR(NOW(),'YYYYMMDDHH24MISS') , 1 , TO_CHAR(NOW(),'YYYYMMDDHH24MISS'));

INSERT INTO plt_lkag_cd_mng ( lkag_group_cd_id , lkag_cd_id , lkag_mst_id , lkag_cd_vl , lkag_cd_nm , expln , use_yn , del_yn , rgtr_id , reg_dt , mdfr_id , mdfcn_dt ) VALUES ('NAVER_COMMISSION_PREPAY_STATUS' , 'NCPS_GENERAL_PRD' , 2 , 'GENERAL_PRD' , '일반 상품' , '네이버 수수료 선결제 상태 구분 코드' , 'Y' , 'N' , 1 , TO_CHAR(NOW(),'YYYYMMDDHH24MISS') , 1 , TO_CHAR(NOW(),'YYYYMMDDHH24MISS'));
INSERT INTO plt_lkag_cd_mng ( lkag_group_cd_id , lkag_cd_id , lkag_mst_id , lkag_cd_vl , lkag_cd_nm , expln , use_yn , del_yn , rgtr_id , reg_dt , mdfr_id , mdfcn_dt ) VALUES ('NAVER_COMMISSION_PREPAY_STATUS' , 'NCPS_PRE_PAY_PRD_NO_PAY' , 2 , 'PRE_PAY_PRD_NO_PAY' , '선차감(차감 전)' , '네이버 수수료 선결제 상태 구분 코드' , 'Y' , 'N' , 1 , TO_CHAR(NOW(),'YYYYMMDDHH24MISS') , 1 , TO_CHAR(NOW(),'YYYYMMDDHH24MISS'));
INSERT INTO plt_lkag_cd_mng ( lkag_group_cd_id , lkag_cd_id , lkag_mst_id , lkag_cd_vl , lkag_cd_nm , expln , use_yn , del_yn , rgtr_id , reg_dt , mdfr_id , mdfcn_dt ) VALUES ('NAVER_COMMISSION_PREPAY_STATUS' , 'NCPS_PRE_PAY_PRD_PAYED' , 2 , 'PRE_PAY_PRD_PAYED' , '선차감(차감 후)' , '네이버 수수료 선결제 상태 구분 코드' , 'Y' , 'N' , 1 , TO_CHAR(NOW(),'YYYYMMDDHH24MISS') , 1 , TO_CHAR(NOW(),'YYYYMMDDHH24MISS'));

/*네이버 상품문의 템플릿 유형 코드 questionType*/
INSERT INTO plt_lkag_cd_mng ( lkag_group_cd_id , lkag_cd_id , lkag_mst_id , lkag_cd_vl , lkag_cd_nm , expln , use_yn , del_yn , rgtr_id , reg_dt , mdfr_id , mdfcn_dt ) VALUES ('*' , 'NAVER_QUESTION_TYPE' , 2 , 'QUESTION_TYPE' , '네이버 상품 문의 템플릿 유형 코드' , '네이버 상품 문의 템플릿 유형 코드 그룹' , 'Y' , 'N' , 1 , TO_CHAR(NOW(),'YYYYMMDDHH24MISS') , 1 , TO_CHAR(NOW(),'YYYYMMDDHH24MISS'));

INSERT INTO plt_lkag_cd_mng ( lkag_group_cd_id , lkag_cd_id , lkag_mst_id , lkag_cd_vl , lkag_cd_nm , expln , use_yn , del_yn , rgtr_id , reg_dt , mdfr_id , mdfcn_dt ) VALUES ('NAVER_QUESTION_TYPE' , 'NQT_PRODUCT' , 2 , 'PRODUCT' , '상품' , '상품 문의 템플릿 유형 코드' , 'Y' , 'N' , 1 , TO_CHAR(NOW(),'YYYYMMDDHH24MISS') , 1 , TO_CHAR(NOW(),'YYYYMMDDHH24MISS'));
INSERT INTO plt_lkag_cd_mng ( lkag_group_cd_id , lkag_cd_id , lkag_mst_id , lkag_cd_vl , lkag_cd_nm , expln , use_yn , del_yn , rgtr_id , reg_dt , mdfr_id , mdfcn_dt ) VALUES ('NAVER_QUESTION_TYPE' , 'NQT_DELIVERY' , 2 , 'DELIVERY' , '배송' , '상품 문의 템플릿 유형 코드' , 'Y' , 'N' , 1 , TO_CHAR(NOW(),'YYYYMMDDHH24MISS') , 1 , TO_CHAR(NOW(),'YYYYMMDDHH24MISS'));
INSERT INTO plt_lkag_cd_mng ( lkag_group_cd_id , lkag_cd_id , lkag_mst_id , lkag_cd_vl , lkag_cd_nm , expln , use_yn , del_yn , rgtr_id , reg_dt , mdfr_id , mdfcn_dt ) VALUES ('NAVER_QUESTION_TYPE' , 'NQT_RETURN' , 2 , 'RETURN' , '반품' , '상품 문의 템플릿 유형 코드' , 'Y' , 'N' , 1 , TO_CHAR(NOW(),'YYYYMMDDHH24MISS') , 1 , TO_CHAR(NOW(),'YYYYMMDDHH24MISS'));
INSERT INTO plt_lkag_cd_mng ( lkag_group_cd_id , lkag_cd_id , lkag_mst_id , lkag_cd_vl , lkag_cd_nm , expln , use_yn , del_yn , rgtr_id , reg_dt , mdfr_id , mdfcn_dt ) VALUES ('NAVER_QUESTION_TYPE' , 'NQT_EXCHANGE' , 2 , 'EXCHANGE' , '교환' , '상품 문의 템플릿 유형 코드' , 'Y' , 'N' , 1 , TO_CHAR(NOW(),'YYYYMMDDHH24MISS') , 1 , TO_CHAR(NOW(),'YYYYMMDDHH24MISS'));
INSERT INTO plt_lkag_cd_mng ( lkag_group_cd_id , lkag_cd_id , lkag_mst_id , lkag_cd_vl , lkag_cd_nm , expln , use_yn , del_yn , rgtr_id , reg_dt , mdfr_id , mdfcn_dt ) VALUES ('NAVER_QUESTION_TYPE' , 'NQT_REFUND' , 2 , 'REFUND' , '환불' , '상품 문의 템플릿 유형 코드' , 'Y' , 'N' , 1 , TO_CHAR(NOW(),'YYYYMMDDHH24MISS') , 1 , TO_CHAR(NOW(),'YYYYMMDDHH24MISS'));
INSERT INTO plt_lkag_cd_mng ( lkag_group_cd_id , lkag_cd_id , lkag_mst_id , lkag_cd_vl , lkag_cd_nm , expln , use_yn , del_yn , rgtr_id , reg_dt , mdfr_id , mdfcn_dt ) VALUES ('NAVER_QUESTION_TYPE' , 'NQT_ETC' , 2 , 'ETC' , '기타' , '상품 문의 템플릿 유형 코드' , 'Y' , 'N' , 1 , TO_CHAR(NOW(),'YYYYMMDDHH24MISS') , 1 , TO_CHAR(NOW(),'YYYYMMDDHH24MISS'));

/* 레이아웃 분류 코드 */
INSERT INTO PLT_LAYOUT_CLSF (LAYOUT_CLSF_ID, CLSF_NM, EXPLN, ICON_FILE_GROUP_KEY, USE_YN, DEL_YN, SORT_ORD, RGTR_ID, REG_DT, MDFR_ID,MDFCN_DT) VALUES(1,'e커머스','e커머스','ecommerce','Y','N',1,2, TO_CHAR(NOW(),'YYYYMMDDHH24MISS'),2, TO_CHAR(NOW(),'YYYYMMDDHH24MISS'));
INSERT INTO PLT_LAYOUT_CLSF (LAYOUT_CLSF_ID, CLSF_NM, EXPLN, ICON_FILE_GROUP_KEY, USE_YN, DEL_YN, SORT_ORD, RGTR_ID, REG_DT, MDFR_ID,MDFCN_DT) VALUES(2,'모빌리티','모빌리티','mobility','Y','N',2,2, TO_CHAR(NOW(),'YYYYMMDDHH24MISS'),2, TO_CHAR(NOW(),'YYYYMMDDHH24MISS'));
INSERT INTO PLT_LAYOUT_CLSF (LAYOUT_CLSF_ID, CLSF_NM, EXPLN, ICON_FILE_GROUP_KEY, USE_YN, DEL_YN, SORT_ORD, RGTR_ID, REG_DT, MDFR_ID,MDFCN_DT) VALUES(3,'법률','법률','law','Y','N',3,2, TO_CHAR(NOW(),'YYYYMMDDHH24MISS'),2, TO_CHAR(NOW(),'YYYYMMDDHH24MISS'));
INSERT INTO PLT_LAYOUT_CLSF (LAYOUT_CLSF_ID, CLSF_NM, EXPLN, ICON_FILE_GROUP_KEY, USE_YN, DEL_YN, SORT_ORD, RGTR_ID, REG_DT, MDFR_ID,MDFCN_DT) VALUES(4,'여가/편의생활','여가/편의생활','leisure','Y','N',4,2, TO_CHAR(NOW(),'YYYYMMDDHH24MISS'),2, TO_CHAR(NOW(),'YYYYMMDDHH24MISS'));
INSERT INTO PLT_LAYOUT_CLSF (LAYOUT_CLSF_ID, CLSF_NM, EXPLN, ICON_FILE_GROUP_KEY, USE_YN, DEL_YN, SORT_ORD, RGTR_ID, REG_DT, MDFR_ID,MDFCN_DT) VALUES(5,'의류/패션/잡화','의류/패션/잡화','clothes','Y','N',5,2, TO_CHAR(NOW(),'YYYYMMDDHH24MISS'),2, TO_CHAR(NOW(),'YYYYMMDDHH24MISS'));
INSERT INTO PLT_LAYOUT_CLSF (LAYOUT_CLSF_ID, CLSF_NM, EXPLN, ICON_FILE_GROUP_KEY, USE_YN, DEL_YN, SORT_ORD, RGTR_ID, REG_DT, MDFR_ID,MDFCN_DT) VALUES(6,'생활/건강','생활/건강','life','Y','N',6,2, TO_CHAR(NOW(),'YYYYMMDDHH24MISS'),2, TO_CHAR(NOW(),'YYYYMMDDHH24MISS'));
INSERT INTO PLT_LAYOUT_CLSF (LAYOUT_CLSF_ID, CLSF_NM, EXPLN, ICON_FILE_GROUP_KEY, USE_YN, DEL_YN, SORT_ORD, RGTR_ID, REG_DT, MDFR_ID,MDFCN_DT) VALUES(7,'디지털/가전','디지털/가전','device','Y','N',7,2, TO_CHAR(NOW(),'YYYYMMDDHH24MISS'),2, TO_CHAR(NOW(),'YYYYMMDDHH24MISS'));
INSERT INTO PLT_LAYOUT_CLSF (LAYOUT_CLSF_ID, CLSF_NM, EXPLN, ICON_FILE_GROUP_KEY, USE_YN, DEL_YN, SORT_ORD, RGTR_ID, REG_DT, MDFR_ID,MDFCN_DT) VALUES(8,'식품','식품','food','Y','N',8,2, TO_CHAR(NOW(),'YYYYMMDDHH24MISS'),2, TO_CHAR(NOW(),'YYYYMMDDHH24MISS'));
INSERT INTO PLT_LAYOUT_CLSF (LAYOUT_CLSF_ID, CLSF_NM, EXPLN, ICON_FILE_GROUP_KEY, USE_YN, DEL_YN, SORT_ORD, RGTR_ID, REG_DT, MDFR_ID,MDFCN_DT) VALUES(9,'화장품/미용','화장품/미용','beauty','Y','N',9,2, TO_CHAR(NOW(),'YYYYMMDDHH24MISS'),2, TO_CHAR(NOW(),'YYYYMMDDHH24MISS'));
INSERT INTO PLT_LAYOUT_CLSF (LAYOUT_CLSF_ID, CLSF_NM, EXPLN, ICON_FILE_GROUP_KEY, USE_YN, DEL_YN, SORT_ORD, RGTR_ID, REG_DT, MDFR_ID,MDFCN_DT) VALUES(10,'가구/인테리어','가구/인테리어','furniture','Y','N',10,2, TO_CHAR(NOW(),'YYYYMMDDHH24MISS'),2, TO_CHAR(NOW(),'YYYYMMDDHH24MISS'));
INSERT INTO PLT_LAYOUT_CLSF (LAYOUT_CLSF_ID, CLSF_NM, EXPLN, ICON_FILE_GROUP_KEY, USE_YN, DEL_YN, SORT_ORD, RGTR_ID, REG_DT, MDFR_ID,MDFCN_DT) VALUES(11,'기타','기타','etc','Y','N',11,2, TO_CHAR(NOW(),'YYYYMMDDHH24MISS'),2, TO_CHAR(NOW(),'YYYYMMDDHH24MISS'));


